{"type": "FeatureCollection", "source": "geoBoundaries gbOpen SGP ADM0 (표현 연도 2016, 2023-12-12 릴리스), https://www.geoboundaries.org — 원자료는 URA Master Plan 2014 Subzone Boundary (No Sea), data.gov.sg. 본섬 바깥 고리 하나만 떼어 둔 파일입니다(센토사·주롱섬·우빈·테콩 제외).", "license": "geoBoundaries gbOpen: CC BY 4.0. 원자료(data.gov.sg URA): Open Data Commons ODbL 1.0 / Singapore Open Data Licence.", "features": [{"type": "Feature", "properties": {"name": "Singapore", "name_kr": "싱가포르 본섬", "iso": "SGP", "base_year": "2016"}, "geometry": {"type": "Polygon", "coordinates": [[[103.818259, 1.470852], [103.818162, 1.470851], [103.818163, 1.470545], [103.818013, 1.47057], [103.817859, 1.470622], [103.817871, 1.470671], [103.817852, 1.470698], [103.817855, 1.470726], [103.817809, 1.470737], [103.817784, 1.470646], [103.817657, 1.470687], [103.817509, 1.470712], [103.817022, 1.470702], [103.81686, 1.470679], [103.815753, 1.470655], [103.814881, 1.470606], [103.814383, 1.47057], [103.814239, 1.470594], [103.813629, 1.470462], [103.813202, 1.470439], [103.812597, 1.47036], [103.812557, 1.47037], [103.812532, 1.470344], [103.812473, 1.470337], [103.812102, 1.470324], [103.812044, 1.470334], [103.81195, 1.470328], [103.811217, 1.470106], [103.811204, 1.470082], [103.810919, 1.470027], [103.810869, 1.470016], [103.81077, 1.470076], [103.810691, 1.470049], [103.810592, 1.469973], [103.810358, 1.469969], [103.809784, 1.47022], [103.809698, 1.470228], [103.809625, 1.470216], [103.809475, 1.470356], [103.809442, 1.470382], [103.809381, 1.470414], [103.809296, 1.470397], [103.809121, 1.470299], [103.808942, 1.470438], [103.808803, 1.470519], [103.80869, 1.470537], [103.807769, 1.470348], [103.807724, 1.470337], [103.80697, 1.470146], [103.806173, 1.469953], [103.805453, 1.46975], [103.805393, 1.469725], [103.805347, 1.469693], [103.805328, 1.469649], [103.805329, 1.469599], [103.805387, 1.469419], [103.807819, 1.46577], [103.807731, 1.465717], [103.807648, 1.465668], [103.805398, 1.468996], [103.80516, 1.469351], [103.804964, 1.469513], [103.804907, 1.46954], [103.804853, 1.469547], [103.804779, 1.469533], [103.804232, 1.469367], [103.803052, 1.469043], [103.802332, 1.468741], [103.801597, 1.468441], [103.801562, 1.468406], [103.801539, 1.468377], [103.801335, 1.4681], [103.801144, 1.46789], [103.800572, 1.467333], [103.800425, 1.467205], [103.799941, 1.46688], [103.799872, 1.466819], [103.799803, 1.466836], [103.799768, 1.466753], [103.799649, 1.466774], [103.799621, 1.466906], [103.799592, 1.466984], [103.799554, 1.466989], [103.799501, 1.466797], [103.799439, 1.466806], [103.799442, 1.466875], [103.799436, 1.466899], [103.799407, 1.466927], [103.799275, 1.466972], [103.799038, 1.467027], [103.797804, 1.466518], [103.798001, 1.466227], [103.7968, 1.465557], [103.796944, 1.465316], [103.796677, 1.465155], [103.796394, 1.464959], [103.796346, 1.464929], [103.795275, 1.464257], [103.795127, 1.464189], [103.794983, 1.464079], [103.794956, 1.464062], [103.793783, 1.46327], [103.792525, 1.462453], [103.792425, 1.462387], [103.791841, 1.461997], [103.791419, 1.461735], [103.790272, 1.461099], [103.785687, 1.457968], [103.783256, 1.455863], [103.782406, 1.455055], [103.778883, 1.45292], [103.778802, 1.453029], [103.778509, 1.452815], [103.778452, 1.452773], [103.778516, 1.452645], [103.777336, 1.451828], [103.777337, 1.451511], [103.777338, 1.451339], [103.7772, 1.451255], [103.777132, 1.451198], [103.777045, 1.451177], [103.776983, 1.451162], [103.776854, 1.451241], [103.776762, 1.451273], [103.776599, 1.451168], [103.776495, 1.451128], [103.776435, 1.451119], [103.775847, 1.451036], [103.775272, 1.450908], [103.774419, 1.45072], [103.773287, 1.450103], [103.772571, 1.449774], [103.772187, 1.449471], [103.771959, 1.449242], [103.771622, 1.448884], [103.771336, 1.4488], [103.771199, 1.44877], [103.77107, 1.448679], [103.770972, 1.448662], [103.770906, 1.448568], [103.770593, 1.448819], [103.76957, 1.452111], [103.769157, 1.451938], [103.76972, 1.45008], [103.769812, 1.449782], [103.769798, 1.449513], [103.769722, 1.449102], [103.769525, 1.448615], [103.769238, 1.448135], [103.76903, 1.447843], [103.768575, 1.447436], [103.768148, 1.447161], [103.767572, 1.446654], [103.767374, 1.446428], [103.766874, 1.445224], [103.766832, 1.444958], [103.76684, 1.444716], [103.766973, 1.444458], [103.766956, 1.444347], [103.767284, 1.443923], [103.767433, 1.443694], [103.7675, 1.44349], [103.767661, 1.442918], [103.767436, 1.442582], [103.76621, 1.441267], [103.766012, 1.441507], [103.767219, 1.44273], [103.767308, 1.442976], [103.767215, 1.443409], [103.767085, 1.443695], [103.76692, 1.443917], [103.766795, 1.444039], [103.766511, 1.44405], [103.766267, 1.44398], [103.765867, 1.443852], [103.764999, 1.443712], [103.765059, 1.443137], [103.764287, 1.442622], [103.764441, 1.44209], [103.764192, 1.441618], [103.763472, 1.440872], [103.763085, 1.439834], [103.763377, 1.439576], [103.763197, 1.439276], [103.762888, 1.43931], [103.762706, 1.438734], [103.762634, 1.438522], [103.762624, 1.438331], [103.762729, 1.438229], [103.762795, 1.43809], [103.762771, 1.437946], [103.762697, 1.437848], [103.762592, 1.437948], [103.762602, 1.438012], [103.762461, 1.438092], [103.762399, 1.438083], [103.762344, 1.438031], [103.762122, 1.438006], [103.762072, 1.438006], [103.761901, 1.438005], [103.761781, 1.43816], [103.761814, 1.438426], [103.761572, 1.438574], [103.761311, 1.438371], [103.761127, 1.438293], [103.761042, 1.438202], [103.760484, 1.438168], [103.760073, 1.438206], [103.759609, 1.438201], [103.758826, 1.438191], [103.758384, 1.438244], [103.758303, 1.438301], [103.758167, 1.438359], [103.757504, 1.438245], [103.75708, 1.438245], [103.756767, 1.438247], [103.756252, 1.438323], [103.756136, 1.438373], [103.756101, 1.438433], [103.75605, 1.438487], [103.755924, 1.438507], [103.755443, 1.438437], [103.755139, 1.438428], [103.754975, 1.438393], [103.754595, 1.438304], [103.754577, 1.438536], [103.754517, 1.438513], [103.754468, 1.438422], [103.754045, 1.438334], [103.753973, 1.438338], [103.753859, 1.43829], [103.753866, 1.438203], [103.753843, 1.438171], [103.753808, 1.43815], [103.753311, 1.438106], [103.7532, 1.438074], [103.753024, 1.438004], [103.752872, 1.437919], [103.752661, 1.437728], [103.752589, 1.437564], [103.752976, 1.436018], [103.752851, 1.4359], [103.752719, 1.435776], [103.752353, 1.437201], [103.752077, 1.43737], [103.751941, 1.437407], [103.75156, 1.437395], [103.751164, 1.437448], [103.750872, 1.437511], [103.75071, 1.437481], [103.75058, 1.4374], [103.750564, 1.437359], [103.75059, 1.43715], [103.750432, 1.437054], [103.750269, 1.43699], [103.75018, 1.437008], [103.750121, 1.436988], [103.750109, 1.436962], [103.749891, 1.436901], [103.74975, 1.436836], [103.74971, 1.43681], [103.749703, 1.436769], [103.749683, 1.436773], [103.749665, 1.436826], [103.749661, 1.436891], [103.749639, 1.436964], [103.749604, 1.437], [103.749265, 1.43721], [103.749131, 1.437306], [103.74888, 1.437402], [103.748662, 1.437535], [103.748631, 1.437553], [103.748453, 1.437616], [103.748377, 1.437683], [103.748297, 1.437748], [103.748072, 1.437871], [103.748045, 1.437946], [103.747837, 1.438104], [103.747761, 1.438123], [103.747688, 1.438135], [103.747578, 1.438124], [103.74729, 1.438281], [103.747211, 1.43832], [103.746818, 1.438526], [103.746751, 1.438517], [103.746718, 1.43854], [103.746741, 1.438616], [103.746752, 1.438726], [103.746703, 1.438796], [103.746575, 1.438927], [103.746389, 1.439039], [103.746344, 1.439099], [103.746273, 1.439144], [103.746217, 1.439146], [103.746123, 1.439138], [103.745986, 1.439244], [103.745594, 1.439438], [103.745505, 1.439438], [103.745451, 1.439443], [103.744752, 1.439894], [103.74446, 1.439944], [103.744323, 1.440015], [103.744184, 1.44016], [103.744106, 1.44025], [103.744023, 1.440292], [103.743931, 1.440278], [103.743758, 1.44031], [103.74358, 1.440228], [103.743238, 1.440051], [103.743147, 1.439979], [103.742981, 1.439788], [103.742895, 1.439552], [103.74288, 1.43939], [103.742846, 1.439301], [103.74281, 1.439269], [103.742766, 1.439248], [103.742661, 1.43923], [103.742558, 1.439189], [103.742492, 1.439139], [103.74245, 1.439076], [103.742386, 1.438915], [103.742343, 1.438887], [103.742247, 1.438878], [103.738512, 1.438893], [103.73833, 1.438944], [103.738291, 1.439029], [103.738086, 1.439764], [103.737971, 1.44008], [103.737972, 1.440295], [103.737821, 1.440564], [103.737733, 1.440531], [103.737666, 1.440536], [103.737637, 1.440478], [103.737188, 1.439982], [103.737154, 1.439838], [103.737094, 1.439734], [103.737059, 1.439628], [103.737077, 1.439485], [103.737145, 1.439404], [103.737074, 1.4393], [103.737043, 1.439237], [103.737039, 1.43918], [103.737042, 1.439123], [103.737053, 1.43905], [103.737056, 1.438728], [103.736823, 1.438727], [103.736591, 1.438727], [103.73659, 1.439197], [103.736574, 1.439268], [103.736545, 1.439333], [103.736507, 1.43939], [103.736528, 1.439543], [103.736532, 1.43969], [103.736528, 1.439783], [103.736474, 1.439931], [103.736431, 1.439987], [103.73638, 1.440014], [103.736351, 1.440105], [103.736301, 1.440164], [103.736274, 1.440262], [103.736273, 1.440416], [103.736486, 1.440824], [103.736522, 1.440938], [103.736709, 1.441132], [103.737068, 1.441516], [103.737242, 1.441746], [103.737374, 1.441999], [103.7374, 1.442104], [103.737373, 1.442328], [103.737301, 1.442574], [103.737216, 1.44274], [103.737087, 1.442865], [103.736933, 1.443], [103.736852, 1.443062], [103.736448, 1.443254], [103.736336, 1.443185], [103.736229, 1.443264], [103.736006, 1.443427], [103.735857, 1.44366], [103.735781, 1.443738], [103.735333, 1.444197], [103.734829, 1.444647], [103.734396, 1.44489], [103.734014, 1.444793], [103.733813, 1.444819], [103.733623, 1.444824], [103.73353, 1.444942], [103.733431, 1.445145], [103.733334, 1.445481], [103.733125, 1.445771], [103.732949, 1.446041], [103.732889, 1.446233], [103.732823, 1.44641], [103.732677, 1.446511], [103.732503, 1.44662], [103.732371, 1.446594], [103.732274, 1.446673], [103.732203, 1.446744], [103.732168, 1.446913], [103.732312, 1.447082], [103.732266, 1.447299], [103.732117, 1.447303], [103.732028, 1.447428], [103.731923, 1.447464], [103.731856, 1.447585], [103.731778, 1.447634], [103.731465, 1.447573], [103.731035, 1.448035], [103.730932, 1.447861], [103.73081, 1.44786], [103.73067, 1.447714], [103.730666, 1.447606], [103.730539, 1.44761], [103.730349, 1.447517], [103.730346, 1.447439], [103.730184, 1.447516], [103.730147, 1.447576], [103.730011, 1.447624], [103.729998, 1.447913], [103.730076, 1.448013], [103.730126, 1.447887], [103.730408, 1.447983], [103.730521, 1.447933], [103.730863, 1.448284], [103.730857, 1.448425], [103.730977, 1.448549], [103.730927, 1.448834], [103.730721, 1.448853], [103.730637, 1.449043], [103.730549, 1.449254], [103.730321, 1.449521], [103.730236, 1.449572], [103.729154, 1.449674], [103.728997, 1.449634], [103.728949, 1.449621], [103.728854, 1.449506], [103.728764, 1.449577], [103.728698, 1.449503], [103.728618, 1.449689], [103.728477, 1.449783], [103.728274, 1.449819], [103.728159, 1.449924], [103.727688, 1.449801], [103.72682, 1.449364], [103.726306, 1.449106], [103.725965, 1.448783], [103.725437, 1.448641], [103.725356, 1.448539], [103.724855, 1.448388], [103.724668, 1.448218], [103.72432, 1.448072], [103.724221, 1.447964], [103.724144, 1.448036], [103.724013, 1.448023], [103.723983, 1.44794], [103.723822, 1.447999], [103.723614, 1.448016], [103.722905, 1.448073], [103.722769, 1.448334], [103.722531, 1.448373], [103.722619, 1.449265], [103.72291, 1.450242], [103.722854, 1.450408], [103.722666, 1.450537], [103.722647, 1.450697], [103.722239, 1.450921], [103.722171, 1.451013], [103.722077, 1.45098], [103.721344, 1.451234], [103.720556, 1.451178], [103.720156, 1.451027], [103.720008, 1.450943], [103.719805, 1.450959], [103.719632, 1.450974], [103.719449, 1.450889], [103.719348, 1.451011], [103.718734, 1.450878], [103.718577, 1.450772], [103.718182, 1.450682], [103.717711, 1.450617], [103.717449, 1.450387], [103.717323, 1.450344], [103.716973, 1.450416], [103.716776, 1.45036], [103.716507, 1.450433], [103.716238, 1.450288], [103.71561, 1.450132], [103.714867, 1.449905], [103.714775, 1.449756], [103.714345, 1.449703], [103.714173, 1.449718], [103.713022, 1.449407], [103.712012, 1.448844], [103.711991, 1.448726], [103.711743, 1.448608], [103.711617, 1.448625], [103.711124, 1.44835], [103.711006, 1.448127], [103.71031, 1.447613], [103.710206, 1.447546], [103.710168, 1.447476], [103.710109, 1.447427], [103.709836, 1.447285], [103.709731, 1.447267], [103.70969, 1.44719], [103.709644, 1.447074], [103.709658, 1.446799], [103.709508, 1.446692], [103.709453, 1.446689], [103.709508, 1.44686], [103.709472, 1.446881], [103.709228, 1.446658], [103.709204, 1.446701], [103.709095, 1.446621], [103.708913, 1.446455], [103.708207, 1.445954], [103.707667, 1.44567], [103.707542, 1.445588], [103.707522, 1.445577], [103.707419, 1.44552], [103.707369, 1.445777], [103.707314, 1.445902], [103.707302, 1.445959], [103.70727, 1.445951], [103.70728, 1.445834], [103.707345, 1.445455], [103.707156, 1.445388], [103.707116, 1.445374], [103.707024, 1.445338], [103.70689, 1.445473], [103.706841, 1.445471], [103.70675, 1.445562], [103.706738, 1.445898], [103.706702, 1.44594], [103.706626, 1.445948], [103.706592, 1.445924], [103.706581, 1.445766], [103.706551, 1.445761], [103.706507, 1.445802], [103.70641, 1.445736], [103.706428, 1.445686], [103.706649, 1.445262], [103.706731, 1.445132], [103.70641, 1.444874], [103.706255, 1.444914], [103.704533, 1.443383], [103.703362, 1.441817], [103.702362, 1.440749], [103.701981, 1.440587], [103.701172, 1.440242], [103.701123, 1.44012], [103.701019, 1.44027], [103.700965, 1.440237], [103.701013, 1.440164], [103.700723, 1.440005], [103.700479, 1.439845], [103.700353, 1.439939], [103.70031, 1.439927], [103.700178, 1.439798], [103.700163, 1.439759], [103.700255, 1.439632], [103.69988, 1.439227], [103.699687, 1.438958], [103.699675, 1.43871], [103.699427, 1.438726], [103.698648, 1.437876], [103.698361, 1.437782], [103.698283, 1.437686], [103.698221, 1.437709], [103.698151, 1.437706], [103.698094, 1.437666], [103.698081, 1.437582], [103.698078, 1.437542], [103.698137, 1.437448], [103.698086, 1.437398], [103.697464, 1.436792], [103.697196, 1.436401], [103.69677, 1.436043], [103.696655, 1.435771], [103.696285, 1.435507], [103.6963, 1.435361], [103.696062, 1.435279], [103.695633, 1.434897], [103.695321, 1.434861], [103.69509, 1.434726], [103.693317, 1.433785], [103.693, 1.433554], [103.69221, 1.433455], [103.692067, 1.433548], [103.691899, 1.433427], [103.691703, 1.433409], [103.691651, 1.433537], [103.691456, 1.433533], [103.691254, 1.433465], [103.691187, 1.433356], [103.691133, 1.433238], [103.691034, 1.43307], [103.690773, 1.433199], [103.690383, 1.433143], [103.690171, 1.433311], [103.689554, 1.433307], [103.689251, 1.432992], [103.689023, 1.433031], [103.688914, 1.432913], [103.688784, 1.433121], [103.688281, 1.432983], [103.688168, 1.432376], [103.687343, 1.432346], [103.687163, 1.43242], [103.687078, 1.432285], [103.686172, 1.431929], [103.685911, 1.431582], [103.685813, 1.431377], [103.685777, 1.431129], [103.685868, 1.430447], [103.685737, 1.430332], [103.685329, 1.430485], [103.685092, 1.430639], [103.684838, 1.430711], [103.684627, 1.430666], [103.684439, 1.430806], [103.684203, 1.430669], [103.684029, 1.4307], [103.683945, 1.430872], [103.683813, 1.430903], [103.68368, 1.431033], [103.683452, 1.43107], [103.683323, 1.430959], [103.683279, 1.43107], [103.683115, 1.431096], [103.682659, 1.430614], [103.682714, 1.430528], [103.6821, 1.43001], [103.681856, 1.429647], [103.681326, 1.429474], [103.680991, 1.429309], [103.68092, 1.429026], [103.680482, 1.428725], [103.680254, 1.428676], [103.68025, 1.428756], [103.679873, 1.428697], [103.679617, 1.42877], [103.679527, 1.428622], [103.679066, 1.428667], [103.678814, 1.428818], [103.678504, 1.428955], [103.678176, 1.429065], [103.678003, 1.429015], [103.677905, 1.428943], [103.676942, 1.427675], [103.676573, 1.427055], [103.676364, 1.426738], [103.676404, 1.426438], [103.676599, 1.426184], [103.676559, 1.426143], [103.676222, 1.426216], [103.676063, 1.426094], [103.67611, 1.425973], [103.676032, 1.42583], [103.675659, 1.425655], [103.674855, 1.425428], [103.674369, 1.425013], [103.67423, 1.424789], [103.674096, 1.42406], [103.673986, 1.423048], [103.673694, 1.422524], [103.673549, 1.421777], [103.673496, 1.421527], [103.673368, 1.421281], [103.673149, 1.420942], [103.673132, 1.420794], [103.673172, 1.420751], [103.673369, 1.420809], [103.673484, 1.420973], [103.673589, 1.421331], [103.6737, 1.421141], [103.673721, 1.420947], [103.673642, 1.42058], [103.673431, 1.420295], [103.67336, 1.420008], [103.673169, 1.419771], [103.67238, 1.419242], [103.672255, 1.419197], [103.672214, 1.419192], [103.672174, 1.419126], [103.672161, 1.419023], [103.672187, 1.418971], [103.672258, 1.418967], [103.672421, 1.418754], [103.672641, 1.418723], [103.672846, 1.418574], [103.672863, 1.418487], [103.672753, 1.418455], [103.672639, 1.418145], [103.672528, 1.418159], [103.672431, 1.418035], [103.672281, 1.418014], [103.672119, 1.417917], [103.671993, 1.417788], [103.671965, 1.41763], [103.672064, 1.417577], [103.672127, 1.417469], [103.671974, 1.417206], [103.671985, 1.416419], [103.671858, 1.416049], [103.671677, 1.415338], [103.671675, 1.415045], [103.671847, 1.414547], [103.672072, 1.414295], [103.672735, 1.414142], [103.673017, 1.413979], [103.672621, 1.413653], [103.671943, 1.413514], [103.671685, 1.413596], [103.671097, 1.413585], [103.670835, 1.413433], [103.670446, 1.412952], [103.670362, 1.412762], [103.670348, 1.412294], [103.67047, 1.411981], [103.670876, 1.41182], [103.671076, 1.411546], [103.670911, 1.411277], [103.669995, 1.410656], [103.669441, 1.409863], [103.668955, 1.409825], [103.668707, 1.409737], [103.668576, 1.409752], [103.66824, 1.40952], [103.668103, 1.409302], [103.668011, 1.409208], [103.667953, 1.409104], [103.667886, 1.408976], [103.667832, 1.408761], [103.667641, 1.408694], [103.667559, 1.408831], [103.667427, 1.408916], [103.667376, 1.409017], [103.667359, 1.409109], [103.667044, 1.409113], [103.66696, 1.409179], [103.666727, 1.409409], [103.665845, 1.409147], [103.6654, 1.409081], [103.665084, 1.408834], [103.664972, 1.40869], [103.665038, 1.408286], [103.665228, 1.408075], [103.665077, 1.407487], [103.665013, 1.407075], [103.664728, 1.40684], [103.664358, 1.40635], [103.664165, 1.406095], [103.663401, 1.405868], [103.662747, 1.405702], [103.662625, 1.405729], [103.662573, 1.405743], [103.66252, 1.405728], [103.66247, 1.405678], [103.662433, 1.405602], [103.662429, 1.40554], [103.662442, 1.405504], [103.662483, 1.40548], [103.662632, 1.405475], [103.662742, 1.405169], [103.663206, 1.403206], [103.663544, 1.402792], [103.66363, 1.402281], [103.663415, 1.401777], [103.663022, 1.401295], [103.662958, 1.400267], [103.662339, 1.39903], [103.66241, 1.398653], [103.662952, 1.397927], [103.662965, 1.397315], [103.662845, 1.396278], [103.662471, 1.395068], [103.662449, 1.394835], [103.662467, 1.394578], [103.662592, 1.394192], [103.662668, 1.393894], [103.662701, 1.393526], [103.662735, 1.393054], [103.662719, 1.392704], [103.662534, 1.39198], [103.662339, 1.391495], [103.661529, 1.389781], [103.661581, 1.389118], [103.661517, 1.38871], [103.661263, 1.388308], [103.660805, 1.388222], [103.660513, 1.387992], [103.660172, 1.387374], [103.659942, 1.386757], [103.660067, 1.386343], [103.660025, 1.386041], [103.659798, 1.385954], [103.6594, 1.385942], [103.658927, 1.385674], [103.658766, 1.385395], [103.658513, 1.385062], [103.658152, 1.385006], [103.657923, 1.384901], [103.65775, 1.384802], [103.657686, 1.384775], [103.657607, 1.384594], [103.657536, 1.384511], [103.657501, 1.384404], [103.657426, 1.384311], [103.657429, 1.384176], [103.657473, 1.384117], [103.65752, 1.384086], [103.657531, 1.384034], [103.657557, 1.384002], [103.657621, 1.383971], [103.657687, 1.383932], [103.657744, 1.383879], [103.657771, 1.38382], [103.657738, 1.383799], [103.657828, 1.383632], [103.657806, 1.383606], [103.657918, 1.383524], [103.657877, 1.383439], [103.657744, 1.383479], [103.657729, 1.383448], [103.657692, 1.383468], [103.657559, 1.383446], [103.657532, 1.383415], [103.657534, 1.383335], [103.657455, 1.383345], [103.657384, 1.383365], [103.657286, 1.383407], [103.657165, 1.383539], [103.657075, 1.383526], [103.657011, 1.383473], [103.656954, 1.383281], [103.656949, 1.38314], [103.65744, 1.382729], [103.657392, 1.382573], [103.657322, 1.382406], [103.655062, 1.377836], [103.654804, 1.377277], [103.653479, 1.37451], [103.652909, 1.37459], [103.652749, 1.374543], [103.652741, 1.374426], [103.652773, 1.374187], [103.653159, 1.373785], [103.653164, 1.37367], [103.65298, 1.373152], [103.652513, 1.372756], [103.652197, 1.372615], [103.652001, 1.372785], [103.651952, 1.373188], [103.652008, 1.373551], [103.651914, 1.373906], [103.651686, 1.374269], [103.651405, 1.3745], [103.651113, 1.374464], [103.650983, 1.374333], [103.650895, 1.374224], [103.651174, 1.373972], [103.651385, 1.373583], [103.651426, 1.373152], [103.65127, 1.372833], [103.651021, 1.372696], [103.650329, 1.372594], [103.649803, 1.372462], [103.649652, 1.37257], [103.649511, 1.372516], [103.649369, 1.372368], [103.649301, 1.372258], [103.649313, 1.372057], [103.649496, 1.371974], [103.649638, 1.371784], [103.64973, 1.371376], [103.648211, 1.368562], [103.64788, 1.368181], [103.647804, 1.368031], [103.6478, 1.367846], [103.647685, 1.367618], [103.647556, 1.367324], [103.644125, 1.360896], [103.643762, 1.360214], [103.643465, 1.359734], [103.643051, 1.359146], [103.642776, 1.358872], [103.64234, 1.35862], [103.641354, 1.358055], [103.641103, 1.357876], [103.640987, 1.357712], [103.640856, 1.357458], [103.640676, 1.357504], [103.640699, 1.357696], [103.640671, 1.357848], [103.640631, 1.357865], [103.640596, 1.357845], [103.640296, 1.356974], [103.640363, 1.356879], [103.64043, 1.356538], [103.638613, 1.351322], [103.638279, 1.350388], [103.638107, 1.350454], [103.638149, 1.350839], [103.638008, 1.351306], [103.637696, 1.351601], [103.637375, 1.351701], [103.636803, 1.351643], [103.635922, 1.351286], [103.635176, 1.350701], [103.634598, 1.349984], [103.634221, 1.3491], [103.634107, 1.348208], [103.634174, 1.347488], [103.634178, 1.347444], [103.634381, 1.346802], [103.634701, 1.346183], [103.635113, 1.34566], [103.635568, 1.345385], [103.636023, 1.345445], [103.636242, 1.34562], [103.636343, 1.345747], [103.636391, 1.345866], [103.636427, 1.345849], [103.636466, 1.345831], [103.636471, 1.34561], [103.63606, 1.344552], [103.635919, 1.344477], [103.635817, 1.344217], [103.635855, 1.344072], [103.635827, 1.343852], [103.635725, 1.343795], [103.63571, 1.343714], [103.635736, 1.34367], [103.635648, 1.343516], [103.63556, 1.343602], [103.635519, 1.34356], [103.635099, 1.34394], [103.635113, 1.343955], [103.634404, 1.344657], [103.634368, 1.344619], [103.635062, 1.343946], [103.635075, 1.343918], [103.635066, 1.343909], [103.635587, 1.34343], [103.634479, 1.34225], [103.634166, 1.341907], [103.633288, 1.342731], [103.633885, 1.343777], [103.633854, 1.343794], [103.634096, 1.344227], [103.633975, 1.344451], [103.633961, 1.344461], [103.633951, 1.344463], [103.633934, 1.34446], [103.633909, 1.344443], [103.633893, 1.344434], [103.633884, 1.344422], [103.633888, 1.344407], [103.633898, 1.344397], [103.633915, 1.344395], [103.633935, 1.344402], [103.634032, 1.344222], [103.633187, 1.342715], [103.634166, 1.341793], [103.634188, 1.341815], [103.634206, 1.3418], [103.634484, 1.342095], [103.634588, 1.342181], [103.634801, 1.34199], [103.634397, 1.34156], [103.63441, 1.341547], [103.634397, 1.341527], [103.634525, 1.341402], [103.634491, 1.341365], [103.634359, 1.341487], [103.634343, 1.341473], [103.633812, 1.341965], [103.633793, 1.341946], [103.634333, 1.341446], [103.634348, 1.341442], [103.634366, 1.341444], [103.634421, 1.341391], [103.634412, 1.34135], [103.634441, 1.341011], [103.634439, 1.34093], [103.634492, 1.340899], [103.634572, 1.340938], [103.634642, 1.340938], [103.634702, 1.340916], [103.634749, 1.340827], [103.634761, 1.340736], [103.634715, 1.340618], [103.634691, 1.34059], [103.634608, 1.34049], [103.634575, 1.340387], [103.63456, 1.340269], [103.634532, 1.340177], [103.634464, 1.339864], [103.634417, 1.339708], [103.634333, 1.339529], [103.634209, 1.33931], [103.634148, 1.339177], [103.633784, 1.338026], [103.633728, 1.337752], [103.633515, 1.337259], [103.633515, 1.337143], [103.633478, 1.337], [103.633339, 1.336758], [103.632989, 1.336262], [103.632806, 1.335964], [103.632757, 1.335768], [103.632755, 1.335556], [103.632728, 1.335382], [103.632611, 1.335136], [103.632473, 1.334843], [103.632424, 1.334582], [103.632399, 1.334077], [103.632329, 1.333685], [103.632244, 1.333435], [103.632117, 1.333362], [103.632025, 1.333277], [103.631931, 1.332864], [103.631838, 1.332583], [103.631764, 1.332287], [103.631736, 1.332031], [103.63151, 1.331285], [103.63152, 1.331167], [103.631475, 1.331118], [103.631433, 1.331081], [103.631333, 1.330825], [103.630545, 1.328959], [103.630468, 1.328897], [103.628834, 1.324388], [103.62773, 1.321434], [103.626984, 1.319416], [103.626443, 1.317954], [103.625883, 1.316437], [103.625816, 1.316256], [103.625469, 1.31531], [103.624655, 1.313092], [103.623831, 1.310845], [103.623633, 1.310305], [103.622819, 1.308087], [103.622601, 1.307491], [103.621897, 1.305575], [103.621672, 1.304961], [103.621478, 1.304445], [103.620717, 1.302427], [103.620591, 1.302085], [103.619949, 1.300341], [103.618711, 1.296975], [103.618109, 1.297089], [103.617483, 1.293574], [103.618171, 1.293449], [103.618258, 1.293062], [103.618633, 1.291738], [103.619109, 1.290828], [103.620909, 1.287908], [103.620541, 1.286001], [103.620312, 1.28453], [103.62008, 1.284083], [103.62002, 1.28352], [103.619937, 1.283371], [103.619812, 1.283315], [103.619715, 1.283184], [103.619192, 1.282078], [103.618383, 1.280564], [103.61731, 1.279314], [103.614882, 1.27821], [103.614563, 1.277719], [103.613929, 1.277904], [103.613357, 1.27767], [103.612927, 1.27723], [103.612496, 1.276998], [103.612137, 1.276639], [103.61207, 1.276276], [103.612049, 1.275558], [103.611712, 1.274331], [103.611223, 1.273117], [103.610833, 1.272689], [103.61076, 1.27234], [103.610727, 1.272006], [103.609998, 1.270837], [103.609504, 1.270001], [103.609094, 1.26954], [103.609009, 1.26931], [103.60889, 1.268824], [103.608612, 1.268499], [103.608154, 1.268463], [103.606039, 1.262612], [103.60687, 1.261864], [103.607496, 1.263798], [103.607405, 1.264719], [103.608115, 1.265983], [103.609129, 1.266798], [103.610005, 1.268171], [103.610603, 1.267765], [103.611368, 1.268254], [103.612587, 1.268268], [103.613831, 1.26768], [103.613778, 1.267224], [103.613199, 1.266817], [103.613195, 1.266388], [103.613019, 1.266049], [103.612886, 1.265268], [103.612976, 1.264002], [103.613276, 1.261994], [103.613401, 1.259952], [103.61359, 1.257489], [103.614004, 1.25569], [103.612708, 1.255476], [103.612599, 1.255904], [103.612194, 1.255946], [103.611976, 1.253716], [103.611978, 1.253055], [103.60891, 1.253039], [103.608877, 1.252673], [103.608564, 1.252627], [103.608338, 1.2524], [103.608233, 1.252123], [103.608209, 1.25041], [103.608337, 1.250165], [103.608555, 1.249995], [103.60887, 1.249914], [103.608825, 1.247839], [103.608924, 1.246337], [103.612077, 1.24634], [103.612126, 1.246201], [103.612379, 1.245858], [103.612547, 1.245261], [103.610727, 1.243751], [103.60535, 1.24397], [103.605723, 1.240992], [103.611357, 1.24121], [103.612106, 1.237326], [103.614701, 1.23769], [103.616161, 1.237196], [103.617835, 1.233551], [103.618358, 1.232073], [103.618288, 1.230656], [103.617732, 1.229753], [103.617953, 1.228849], [103.61782, 1.227226], [103.615456, 1.226299], [103.61531, 1.225251], [103.612192, 1.223917], [103.611141, 1.222717], [103.609941, 1.222085], [103.610002, 1.220572], [103.609552, 1.219906], [103.608867, 1.219609], [103.607883, 1.219782], [103.606659, 1.221152], [103.606275, 1.222292], [103.60625, 1.224049], [103.606551, 1.224412], [103.606464, 1.224843], [103.60612, 1.22454], [103.606062, 1.223043], [103.605626, 1.222804], [103.60591, 1.221652], [103.606541, 1.220254], [103.607753, 1.219242], [103.609015, 1.218683], [103.642646, 1.210127], [103.643748, 1.210684], [103.644207, 1.211539], [103.644191, 1.212444], [103.643507, 1.212336], [103.643655, 1.211735], [103.64279, 1.210831], [103.641115, 1.210874], [103.611554, 1.2186], [103.610409, 1.21952], [103.610626, 1.22084], [103.61115, 1.221805], [103.611571, 1.222289], [103.612666, 1.222558], [103.612957, 1.222344], [103.613704, 1.222373], [103.614219, 1.222824], [103.614493, 1.222706], [103.614617, 1.223114], [103.615768, 1.223629], [103.617042, 1.226203], [103.617366, 1.226492], [103.617921, 1.226556], [103.618297, 1.226502], [103.618634, 1.227084], [103.619011, 1.227408], [103.619219, 1.228766], [103.619425, 1.229582], [103.619026, 1.23084], [103.618872, 1.232071], [103.618954, 1.232179], [103.618627, 1.232305], [103.617813, 1.234645], [103.617327, 1.235315], [103.617507, 1.236259], [103.618201, 1.236791], [103.620303, 1.236919], [103.621381, 1.237501], [103.621684, 1.238315], [103.615473, 1.251585], [103.615471, 1.254318], [103.629076, 1.260864], [103.6288, 1.261309], [103.621746, 1.257941], [103.621338, 1.258288], [103.621593, 1.261775], [103.638653, 1.270104], [103.639253, 1.269933], [103.638978, 1.266108], [103.633959, 1.263577], [103.632403, 1.263066], [103.633924, 1.263066], [103.639426, 1.265804], [103.640404, 1.279074], [103.640672, 1.279055], [103.640647, 1.278702], [103.640788, 1.278692], [103.641044, 1.278675], [103.641196, 1.278665], [103.64121, 1.278853], [103.64125, 1.279393], [103.645527, 1.279067], [103.646419, 1.279138], [103.64716, 1.279346], [103.647834, 1.279673], [103.648593, 1.280215], [103.649297, 1.280995], [103.649737, 1.281746], [103.650005, 1.282539], [103.650176, 1.283555], [103.650143, 1.284434], [103.649883, 1.285414], [103.648439, 1.288168], [103.643167, 1.297836], [103.643058, 1.297783], [103.642936, 1.29777], [103.642806, 1.297906], [103.642741, 1.298012], [103.642678, 1.298149], [103.642612, 1.298382], [103.642542, 1.298853], [103.642581, 1.298876], [103.642587, 1.298926], [103.642545, 1.299009], [103.642404, 1.299197], [103.642355, 1.299189], [103.642275, 1.299309], [103.642189, 1.299483], [103.642117, 1.29971], [103.642047, 1.299924], [103.641776, 1.300334], [103.641626, 1.300259], [103.641612, 1.300284], [103.641595, 1.300314], [103.641732, 1.300399], [103.641539, 1.300744], [103.64139, 1.301089], [103.641211, 1.301625], [103.641125, 1.301853], [103.641014, 1.302007], [103.640762, 1.302276], [103.640601, 1.302527], [103.640399, 1.303048], [103.640321, 1.303308], [103.640221, 1.303538], [103.640084, 1.303781], [103.639317, 1.304885], [103.639227, 1.305022], [103.639168, 1.305171], [103.639041, 1.305479], [103.638885, 1.305948], [103.638796, 1.306207], [103.638678, 1.306434], [103.638497, 1.306704], [103.638297, 1.307071], [103.638135, 1.307501], [103.637807, 1.307912], [103.637089, 1.308745], [103.636936, 1.308864], [103.636825, 1.308995], [103.635189, 1.310927], [103.635218, 1.311004], [103.635197, 1.311159], [103.635197, 1.311314], [103.635127, 1.311627], [103.63506, 1.311817], [103.634953, 1.311947], [103.635705, 1.313264], [103.636165, 1.314225], [103.636154, 1.314385], [103.63739, 1.316113], [103.637478, 1.316263], [103.637636, 1.316405], [103.637844, 1.316165], [103.637903, 1.316023], [103.637962, 1.315961], [103.638263, 1.315703], [103.638629, 1.31521], [103.638684, 1.315155], [103.638786, 1.315174], [103.638883, 1.315139], [103.638949, 1.315163], [103.639192, 1.31495], [103.639853, 1.314304], [103.639863, 1.314118], [103.639564, 1.313798], [103.639617, 1.313743], [103.639956, 1.31411], [103.640146, 1.313926], [103.639834, 1.313588], [103.639851, 1.313571], [103.639829, 1.313549], [103.639919, 1.313453], [103.639952, 1.313484], [103.63998, 1.313458], [103.640004, 1.313475], [103.640116, 1.313602], [103.640347, 1.313388], [103.639543, 1.31253], [103.639628, 1.312449], [103.640481, 1.313356], [103.640791, 1.313037], [103.640854, 1.313006], [103.641075, 1.312875], [103.641168, 1.312824], [103.641218, 1.312831], [103.641262, 1.312856], [103.641288, 1.312845], [103.640947, 1.312491], [103.641004, 1.312435], [103.641342, 1.312798], [103.641438, 1.312705], [103.641104, 1.312342], [103.641185, 1.312262], [103.641524, 1.312623], [103.641615, 1.312534], [103.641591, 1.312503], [103.641703, 1.312398], [103.641889, 1.312255], [103.641967, 1.312269], [103.642247, 1.312002], [103.642413, 1.311828], [103.642387, 1.311805], [103.642491, 1.311696], [103.642539, 1.311739], [103.642711, 1.311618], [103.643016, 1.311431], [103.643104, 1.311377], [103.643197, 1.311344], [103.643281, 1.31133], [103.643365, 1.311328], [103.643447, 1.311358], [103.64364, 1.311466], [103.643767, 1.311578], [103.64396, 1.311774], [103.644217, 1.312027], [103.644366, 1.312141], [103.644992, 1.312641], [103.645138, 1.312742], [103.645316, 1.31289], [103.645482, 1.313072], [103.645925, 1.31349], [103.646101, 1.313669], [103.645738, 1.314016], [103.645799, 1.314079], [103.645237, 1.314622], [103.645365, 1.314759], [103.645944, 1.314228], [103.645971, 1.314256], [103.646282, 1.313958], [103.646258, 1.313931], [103.646311, 1.313884], [103.646474, 1.314065], [103.646485, 1.314124], [103.646888, 1.31452], [103.647238, 1.314874], [103.647323, 1.31488], [103.647485, 1.315053], [103.647624, 1.315205], [103.647649, 1.315283], [103.647629, 1.315339], [103.647653, 1.315391], [103.648224, 1.315926], [103.649111, 1.31689], [103.649211, 1.316952], [103.649297, 1.316934], [103.649343, 1.316985], [103.649329, 1.317007], [103.649455, 1.31713], [103.649514, 1.317188], [103.649659, 1.317351], [103.649728, 1.317344], [103.649772, 1.317397], [103.650275, 1.317051], [103.650017, 1.316762], [103.65005, 1.316731], [103.650281, 1.316969], [103.65038, 1.316877], [103.650153, 1.316629], [103.65019, 1.316592], [103.65046, 1.31687], [103.650604, 1.316733], [103.650695, 1.316818], [103.650752, 1.316761], [103.650701, 1.316709], [103.650816, 1.316603], [103.650843, 1.316458], [103.650935, 1.316369], [103.651001, 1.316373], [103.651518, 1.315885], [103.65159, 1.315874], [103.651788, 1.315688], [103.651741, 1.315645], [103.651816, 1.315463], [103.651807, 1.315428], [103.651931, 1.315316], [103.651979, 1.315302], [103.652013, 1.315225], [103.651991, 1.315149], [103.651499, 1.314488], [103.651259, 1.314216], [103.650861, 1.313879], [103.650738, 1.313816], [103.65048, 1.31359], [103.650474, 1.313441], [103.65016, 1.313069], [103.649736, 1.312671], [103.649358, 1.312245], [103.649267, 1.312216], [103.648909, 1.311926], [103.64879, 1.31175], [103.64818, 1.310995], [103.647798, 1.31047], [103.647701, 1.310569], [103.647629, 1.310497], [103.647721, 1.310397], [103.647454, 1.310118], [103.647233, 1.310326], [103.647074, 1.31014], [103.647092, 1.31012], [103.647042, 1.310113], [103.647, 1.310099], [103.646892, 1.309998], [103.646937, 1.309941], [103.646584, 1.309481], [103.646499, 1.309332], [103.646207, 1.309035], [103.646173, 1.308963], [103.646195, 1.308834], [103.64624, 1.308725], [103.646389, 1.308638], [103.646385, 1.308545], [103.646331, 1.308428], [103.646422, 1.308265], [103.646535, 1.308204], [103.646705, 1.307956], [103.647082, 1.307531], [103.647709, 1.306936], [103.647855, 1.306775], [103.648398, 1.306393], [103.648415, 1.30635], [103.648402, 1.306243], [103.648552, 1.306057], [103.648741, 1.305915], [103.649453, 1.305264], [103.649698, 1.305317], [103.649789, 1.305232], [103.649616, 1.305055], [103.649772, 1.304894], [103.648842, 1.30392], [103.648954, 1.303805], [103.649908, 1.304815], [103.65093, 1.305927], [103.650828, 1.306026], [103.65092, 1.306115], [103.650973, 1.306138], [103.651181, 1.306358], [103.651292, 1.306516], [103.651351, 1.306699], [103.651388, 1.306666], [103.652025, 1.307328], [103.652559, 1.307924], [103.652618, 1.307946], [103.652581, 1.30799], [103.652606, 1.308023], [103.652674, 1.307965], [103.652847, 1.308015], [103.653227, 1.308532], [103.653213, 1.308558], [103.653363, 1.308788], [103.653561, 1.309027], [103.653556, 1.309095], [103.653424, 1.309219], [103.653525, 1.309331], [103.653886, 1.308975], [103.6543, 1.309412], [103.653767, 1.309929], [103.654034, 1.310211], [103.654556, 1.309706], [103.654604, 1.309707], [103.654774, 1.309899], [103.654715, 1.309962], [103.654707, 1.310016], [103.655066, 1.310347], [103.655188, 1.310255], [103.65543, 1.310495], [103.655343, 1.310572], [103.655536, 1.310789], [103.655383, 1.310937], [103.655566, 1.311139], [103.655863, 1.310858], [103.655948, 1.310862], [103.655838, 1.311065], [103.655925, 1.311179], [103.656217, 1.311467], [103.65634, 1.311387], [103.656453, 1.311351], [103.656667, 1.311323], [103.656797, 1.311274], [103.657029, 1.311127], [103.657094, 1.311025], [103.657062, 1.310925], [103.657059, 1.310828], [103.657104, 1.310692], [103.657239, 1.310467], [103.657487, 1.310071], [103.657437, 1.309982], [103.655997, 1.308616], [103.655863, 1.308562], [103.655695, 1.308407], [103.655723, 1.308383], [103.655282, 1.307784], [103.654128, 1.306611], [103.65406, 1.306517], [103.654024, 1.306514], [103.654004, 1.306489], [103.654008, 1.306466], [103.654798, 1.305726], [103.654564, 1.30549], [103.653767, 1.30622], [103.653715, 1.306132], [103.653911, 1.305941], [103.653802, 1.305822], [103.653628, 1.30598], [103.65359, 1.305912], [103.653517, 1.305971], [103.653383, 1.305827], [103.653412, 1.305796], [103.653388, 1.30577], [103.653404, 1.305743], [103.653362, 1.305631], [103.653184, 1.305371], [103.652899, 1.305165], [103.652556, 1.304688], [103.652143, 1.304187], [103.651424, 1.303355], [103.649821, 1.301683], [103.650845, 1.300461], [103.653356, 1.302593], [103.653742, 1.302145], [103.651225, 1.299992], [103.651357, 1.299834], [103.65353, 1.301658], [103.653823, 1.301302], [103.651666, 1.299461], [103.651768, 1.299337], [103.653751, 1.301015], [103.654928, 1.299659], [103.652939, 1.297967], [103.653052, 1.297833], [103.655181, 1.299631], [103.655781, 1.298929], [103.655833, 1.298896], [103.655911, 1.298929], [103.656099, 1.299083], [103.656511, 1.29892], [103.657339, 1.29791], [103.654784, 1.295758], [103.654901, 1.295617], [103.656075, 1.296588], [103.656426, 1.296185], [103.656388, 1.296154], [103.656639, 1.295848], [103.658225, 1.297239], [103.659193, 1.296111], [103.658892, 1.295833], [103.658852, 1.295744], [103.658886, 1.295687], [103.658837, 1.295653], [103.658854, 1.295629], [103.658885, 1.295593], [103.65892, 1.295558], [103.65888, 1.295497], [103.658785, 1.295337], [103.658815, 1.295319], [103.658916, 1.29526], [103.658957, 1.295237], [103.65904, 1.295188], [103.65907, 1.295171], [103.659262, 1.295059], [103.659287, 1.295045], [103.659516, 1.294917], [103.661171, 1.293968], [103.661369, 1.293853], [103.662637, 1.293108], [103.66283, 1.292995], [103.664757, 1.291864], [103.665322, 1.290857], [103.665375, 1.290739], [103.665443, 1.290702], [103.665489, 1.290614], [103.665202, 1.290359], [103.665339, 1.290203], [103.665381, 1.290229], [103.665857, 1.289619], [103.665814, 1.289588], [103.666441, 1.288846], [103.664349, 1.287108], [103.664496, 1.286925], [103.666568, 1.288657], [103.672237, 1.293293], [103.672256, 1.293413], [103.672784, 1.29361], [103.67438, 1.295264], [103.673155, 1.296753], [103.670704, 1.299288], [103.670663, 1.299422], [103.670517, 1.299588], [103.670434, 1.29961], [103.669878, 1.300106], [103.669642, 1.300393], [103.669581, 1.300426], [103.669502, 1.300434], [103.668738, 1.306292], [103.672705, 1.306794], [103.672838, 1.305884], [103.672812, 1.305707], [103.672849, 1.305711], [103.672895, 1.305184], [103.672861, 1.305087], [103.672887, 1.304876], [103.672788, 1.304864], [103.672933, 1.304007], [103.672865, 1.303991], [103.673214, 1.302224], [103.678434, 1.296589], [103.678644, 1.296737], [103.679101, 1.297162], [103.679218, 1.297031], [103.679369, 1.297179], [103.677432, 1.299285], [103.677831, 1.299665], [103.679764, 1.297565], [103.680125, 1.297174], [103.681904, 1.297987], [103.681773, 1.299208], [103.681615, 1.299273], [103.68173, 1.299549], [103.681844, 1.299626], [103.681758, 1.299994], [103.681683, 1.301012], [103.681535, 1.302143], [103.681587, 1.302148], [103.68155, 1.302475], [103.681492, 1.302469], [103.681374, 1.303338], [103.681337, 1.303916], [103.681093, 1.304018], [103.681174, 1.304242], [103.681124, 1.304341], [103.680998, 1.304391], [103.681085, 1.304583], [103.681064, 1.304806], [103.681195, 1.304759], [103.681198, 1.304841], [103.681064, 1.304893], [103.681131, 1.305055], [103.680977, 1.306341], [103.680927, 1.307017], [103.679936, 1.307463], [103.680062, 1.30776], [103.680872, 1.307405], [103.680683, 1.308677], [103.680741, 1.308661], [103.680772, 1.308683], [103.680802, 1.308896], [103.680855, 1.308966], [103.681187, 1.309136], [103.68129, 1.309181], [103.681415, 1.309293], [103.681241, 1.309843], [103.681303, 1.309882], [103.681312, 1.30995], [103.68139, 1.310009], [103.681451, 1.309923], [103.681601, 1.309817], [103.681781, 1.309756], [103.681943, 1.30927], [103.682525, 1.308921], [103.682549, 1.308784], [103.683034, 1.308789], [103.683035, 1.308495], [103.682595, 1.30847], [103.682683, 1.307667], [103.682752, 1.307581], [103.68285, 1.307569], [103.68289, 1.307553], [103.682892, 1.307289], [103.682815, 1.307174], [103.682758, 1.307172], [103.682849, 1.306445], [103.682911, 1.30645], [103.683003, 1.306386], [103.683369, 1.306395], [103.683372, 1.306201], [103.682988, 1.306197], [103.68291, 1.306143], [103.682993, 1.305882], [103.68303, 1.305802], [103.683512, 1.305806], [103.683518, 1.305631], [103.683072, 1.305631], [103.683026, 1.305561], [103.68303, 1.305512], [103.683002, 1.305452], [103.683009, 1.305161], [103.683201, 1.30508], [103.683122, 1.304993], [103.683174, 1.304747], [103.68312, 1.304731], [103.683177, 1.304229], [103.683264, 1.30345], [103.683414, 1.302299], [103.683376, 1.302244], [103.683377, 1.302056], [103.683503, 1.30083], [103.683604, 1.300845], [103.683763, 1.299566], [103.683826, 1.299439], [103.683861, 1.29908], [103.687765, 1.299769], [103.687737, 1.299926], [103.687793, 1.299934], [103.687847, 1.29988], [103.687944, 1.29985], [103.688759, 1.29986], [103.68881, 1.299997], [103.690209, 1.299843], [103.690956, 1.299894], [103.692415, 1.300289], [103.693042, 1.300589], [103.69311, 1.300392], [103.693788, 1.300649], [103.693728, 1.300907], [103.693783, 1.302012], [103.693852, 1.302824], [103.69384, 1.303129], [103.693775, 1.303525], [103.693784, 1.303717], [103.693736, 1.303791], [103.693593, 1.30395], [103.693609, 1.304585], [103.693611, 1.305177], [103.693644, 1.305184], [103.693773, 1.305604], [103.69379, 1.305753], [103.693736, 1.305838], [103.693794, 1.306015], [103.693896, 1.306349], [103.693849, 1.306398], [103.693862, 1.30642], [103.693902, 1.306401], [103.693944, 1.306408], [103.694161, 1.306757], [103.69425, 1.306837], [103.694356, 1.306998], [103.69436, 1.307032], [103.694938, 1.307691], [103.694989, 1.307751], [103.695124, 1.307808], [103.69525, 1.307793], [103.695402, 1.307776], [103.696341, 1.307792], [103.697168, 1.307849], [103.697265, 1.307913], [103.697343, 1.307918], [103.697458, 1.3079], [103.697519, 1.307939], [103.697651, 1.307758], [103.697753, 1.307279], [103.697801, 1.307114], [103.697784, 1.306974], [103.697899, 1.306703], [103.698089, 1.306446], [103.698277, 1.306273], [103.698427, 1.306087], [103.698958, 1.305551], [103.698962, 1.305348], [103.69899, 1.305273], [103.699339, 1.304996], [103.699578, 1.305001], [103.699688, 1.305056], [103.699704, 1.305206], [103.699698, 1.305394], [103.699793, 1.305481], [103.699815, 1.305593], [103.699728, 1.305689], [103.699703, 1.305869], [103.699916, 1.305873], [103.699938, 1.305835], [103.699986, 1.305232], [103.699976, 1.304976], [103.700041, 1.304801], [103.701299, 1.304122], [103.701369, 1.304106], [103.701515, 1.304205], [103.701611, 1.304318], [103.702286, 1.304006], [103.702321, 1.303944], [103.702399, 1.301824], [103.708689, 1.302048], [103.708383, 1.307613], [103.708494, 1.307725], [103.709586, 1.307737], [103.709651, 1.307001], [103.709957, 1.307017], [103.709903, 1.307923], [103.710173, 1.308037], [103.710826, 1.308415], [103.710837, 1.308399], [103.71101, 1.308172], [103.711038, 1.308135], [103.711243, 1.30778], [103.71141, 1.307256], [103.711448, 1.306677], [103.711353, 1.29959], [103.711339, 1.297163], [103.711853, 1.297159], [103.711888, 1.299586], [103.715079, 1.299547], [103.721928, 1.299462], [103.721938, 1.29972], [103.720412, 1.299762], [103.720422, 1.29994], [103.720875, 1.300546], [103.720873, 1.300756], [103.7207, 1.300898], [103.720939, 1.301174], [103.715383, 1.305935], [103.715079, 1.306177], [103.714627, 1.306535], [103.714395, 1.306294], [103.714256, 1.306277], [103.713722, 1.306475], [103.712794, 1.306482], [103.712557, 1.306583], [103.712268, 1.307211], [103.712258, 1.307712], [103.712161, 1.307817], [103.712164, 1.308804], [103.712717, 1.308868], [103.712726, 1.308482], [103.714243, 1.308465], [103.714879, 1.30845], [103.715842, 1.308427], [103.722501, 1.302847], [103.727937, 1.300107], [103.727976, 1.300209], [103.728104, 1.30026], [103.729777, 1.301593], [103.730043, 1.301538], [103.730323, 1.301355], [103.731205, 1.301122], [103.731526, 1.301016], [103.731573, 1.301058], [103.731759, 1.301014], [103.731964, 1.300884], [103.732071, 1.300828], [103.732182, 1.300822], [103.732418, 1.300909], [103.734334, 1.300456], [103.736054, 1.300102], [103.736666, 1.299892], [103.736988, 1.299846], [103.737196, 1.299755], [103.737617, 1.299566], [103.737876, 1.299501], [103.738193, 1.299448], [103.738759, 1.299388], [103.740852, 1.298802], [103.743212, 1.301148], [103.743319, 1.301099], [103.743501, 1.300949], [103.743674, 1.300755], [103.743693, 1.300713], [103.743474, 1.300231], [103.743354, 1.300034], [103.743323, 1.299974], [103.743317, 1.29991], [103.743342, 1.299855], [103.743428, 1.299811], [103.743489, 1.299824], [103.743536, 1.299872], [103.743558, 1.299918], [103.743569, 1.299985], [103.74361, 1.300094], [103.74364, 1.300107], [103.743656, 1.30014], [103.74365, 1.300219], [103.743921, 1.300803], [103.744021, 1.300879], [103.744761, 1.300819], [103.744675, 1.300656], [103.744469, 1.300207], [103.744078, 1.299377], [103.743982, 1.299271], [103.743888, 1.2992], [103.743788, 1.298979], [103.743844, 1.29845], [103.744209, 1.298036], [103.744331, 1.297948], [103.744597, 1.297819], [103.745547, 1.29756], [103.74563, 1.297568], [103.745691, 1.297528], [103.745861, 1.297481], [103.745917, 1.297425], [103.745948, 1.297401], [103.745991, 1.297412], [103.746021, 1.297433], [103.746068, 1.297431], [103.748044, 1.296795], [103.748098, 1.296865], [103.748271, 1.296781], [103.748395, 1.296644], [103.749001, 1.296551], [103.749047, 1.296384], [103.74914, 1.296319], [103.749201, 1.296299], [103.749896, 1.296362], [103.749896, 1.296592], [103.750583, 1.296555], [103.750583, 1.296464], [103.750647, 1.296408], [103.750829, 1.296414], [103.750862, 1.296503], [103.750864, 1.296555], [103.751512, 1.296551], [103.751635, 1.296512], [103.751732, 1.296523], [103.75184, 1.296596], [103.751905, 1.296678], [103.752046, 1.296689], [103.752026, 1.296899], [103.752338, 1.296923], [103.75236, 1.296713], [103.752879, 1.296762], [103.752788, 1.297333], [103.752957, 1.297365], [103.753041, 1.296851], [103.753091, 1.29686], [103.753101, 1.296895], [103.753511, 1.296949], [103.753551, 1.296931], [103.753688, 1.296952], [103.753759, 1.296976], [103.753818, 1.296931], [103.753924, 1.296958], [103.754315, 1.297015], [103.754325, 1.297044], [103.75437, 1.297062], [103.754474, 1.297037], [103.754539, 1.297076], [103.754611, 1.297082], [103.754723, 1.297065], [103.755049, 1.297088], [103.755152, 1.297085], [103.755303, 1.29714], [103.755381, 1.297145], [103.755749, 1.297289], [103.755923, 1.297394], [103.756079, 1.297591], [103.756127, 1.297708], [103.756162, 1.298037], [103.756113, 1.298247], [103.755978, 1.29853], [103.75754, 1.299893], [103.757741, 1.300067], [103.758356, 1.299488], [103.758494, 1.299377], [103.758674, 1.299269], [103.758746, 1.299127], [103.758786, 1.29904], [103.75911, 1.298767], [103.759412, 1.298406], [103.759591, 1.298014], [103.760209, 1.297354], [103.760685, 1.296934], [103.760924, 1.29671], [103.761497, 1.29605], [103.761621, 1.295955], [103.761935, 1.295878], [103.761952, 1.295736], [103.762, 1.295617], [103.76218, 1.295374], [103.762183, 1.295294], [103.761954, 1.295084], [103.761945, 1.294952], [103.762034, 1.294829], [103.762178, 1.29477], [103.762511, 1.295148], [103.762588, 1.29515], [103.762724, 1.295112], [103.762902, 1.294921], [103.762989, 1.294743], [103.763042, 1.294616], [103.763004, 1.294559], [103.763051, 1.294451], [103.762898, 1.29432], [103.762678, 1.293953], [103.76264, 1.293975], [103.762585, 1.293883], [103.762028, 1.292902], [103.761865, 1.292643], [103.761812, 1.29255], [103.761503, 1.292036], [103.761457, 1.291957], [103.760921, 1.29107], [103.760289, 1.291419], [103.760182, 1.291248], [103.760881, 1.290857], [103.760717, 1.290602], [103.761051, 1.290403], [103.772338, 1.283693], [103.769134, 1.278369], [103.76677, 1.279678], [103.756477, 1.285829], [103.753022, 1.285316], [103.750185, 1.280502], [103.770677, 1.268226], [103.778206, 1.280917], [103.780582, 1.279514], [103.77996, 1.278346], [103.784018, 1.275921], [103.783895, 1.27568], [103.787061, 1.273759], [103.785103, 1.27026], [103.778564, 1.259201], [103.785506, 1.25502], [103.791754, 1.26546], [103.795275, 1.271537], [103.795309, 1.271572], [103.795515, 1.271446], [103.795559, 1.271382], [103.79558, 1.271313], [103.795577, 1.271225], [103.795285, 1.270712], [103.795329, 1.270671], [103.795216, 1.27048], [103.795281, 1.27044], [103.795361, 1.270572], [103.795449, 1.270505], [103.795455, 1.270466], [103.795415, 1.270387], [103.795424, 1.270349], [103.795461, 1.270324], [103.795648, 1.270216], [103.795572, 1.270087], [103.796251, 1.269675], [103.796457, 1.269808], [103.796582, 1.269728], [103.797176, 1.270135], [103.797342, 1.270046], [103.797398, 1.26995], [103.797428, 1.269853], [103.797443, 1.269764], [103.797423, 1.269702], [103.797375, 1.269628], [103.797274, 1.269485], [103.797318, 1.269438], [103.79729, 1.269389], [103.797266, 1.269284], [103.797269, 1.269225], [103.797289, 1.269179], [103.797324, 1.269137], [103.797575, 1.269024], [103.797623, 1.268988], [103.797659, 1.268879], [103.797707, 1.268611], [103.797659, 1.268581], [103.797661, 1.268496], [103.797707, 1.268457], [103.797751, 1.268435], [103.797807, 1.268464], [103.797805, 1.268514], [103.797992, 1.268753], [103.798031, 1.268748], [103.798076, 1.268749], [103.798209, 1.268804], [103.79824, 1.268809], [103.798283, 1.268783], [103.798302, 1.268784], [103.798325, 1.268806], [103.798332, 1.268834], [103.798329, 1.268865], [103.798366, 1.268885], [103.798378, 1.268862], [103.79838, 1.268845], [103.798378, 1.268816], [103.798367, 1.268765], [103.798383, 1.268759], [103.798395, 1.268811], [103.798398, 1.268842], [103.798393, 1.268874], [103.798437, 1.268899], [103.798444, 1.268881], [103.798447, 1.268852], [103.798442, 1.268824], [103.798435, 1.268781], [103.798415, 1.268685], [103.79844, 1.268675], [103.798457, 1.268651], [103.798459, 1.26862], [103.798433, 1.268512], [103.798437, 1.268468], [103.798463, 1.268434], [103.798729, 1.268229], [103.798855, 1.268212], [103.799056, 1.268295], [103.799371, 1.268023], [103.800893, 1.266842], [103.800904, 1.266834], [103.800915, 1.266825], [103.801316, 1.266514], [103.801025, 1.265914], [103.803368, 1.263932], [103.804269, 1.262948], [103.804545, 1.26278], [103.804997, 1.262415], [103.805147, 1.262277], [103.805259, 1.262392], [103.805394, 1.262506], [103.805481, 1.262921], [103.805259, 1.263587], [103.805247, 1.26372], [103.805505, 1.26356], [103.805543, 1.263652], [103.805573, 1.263721], [103.805504, 1.263761], [103.806509, 1.26469], [103.80651, 1.264702], [103.806509, 1.264714], [103.806291, 1.264981], [103.806805, 1.265481], [103.806888, 1.265584], [103.806901, 1.265657], [103.80669, 1.266195], [103.806709, 1.266213], [103.806736, 1.266229], [103.806971, 1.266024], [103.807082, 1.265944], [103.807255, 1.265971], [103.807327, 1.265926], [103.808056, 1.265278], [103.808239, 1.265129], [103.808493, 1.265035], [103.808745, 1.265022], [103.809066, 1.265093], [103.809336, 1.265093], [103.809452, 1.26511], [103.809519, 1.26512], [103.809546, 1.265128], [103.809581, 1.26509], [103.809644, 1.265085], [103.809656, 1.265032], [103.809708, 1.265015], [103.809756, 1.265049], [103.809754, 1.265105], [103.809811, 1.265176], [103.80989, 1.265229], [103.810106, 1.265065], [103.810046, 1.264765], [103.810027, 1.264747], [103.810019, 1.264726], [103.81002, 1.264695], [103.810032, 1.26467], [103.810051, 1.264652], [103.810074, 1.264644], [103.810092, 1.264642], [103.810113, 1.264648], [103.810128, 1.264656], [103.81014, 1.264672], [103.810149, 1.26469], [103.810151, 1.264711], [103.81015, 1.264728], [103.810137, 1.264744], [103.810191, 1.264992], [103.811203, 1.2664], [103.811595, 1.266432], [103.812203, 1.266419], [103.81246, 1.266414], [103.812942, 1.266223], [103.812959, 1.266255], [103.812981, 1.266245], [103.813255, 1.266042], [103.813678, 1.265673], [103.813919, 1.265432], [103.814353, 1.265044], [103.814583, 1.264841], [103.815545, 1.263952], [103.815674, 1.263861], [103.815762, 1.263835], [103.816052, 1.263783], [103.816132, 1.263839], [103.816279, 1.264087], [103.816416, 1.264302], [103.816529, 1.264449], [103.816536, 1.264489], [103.81651, 1.264501], [103.816889, 1.265433], [103.817363, 1.266517], [103.817551, 1.266683], [103.817695, 1.266617], [103.817698, 1.266394], [103.816825, 1.264415], [103.816736, 1.264345], [103.81674, 1.264132], [103.816849, 1.264132], [103.816859, 1.263844], [103.816751, 1.263849], [103.816787, 1.263704], [103.816965, 1.263649], [103.818235, 1.263447], [103.818251, 1.26353], [103.817444, 1.263653], [103.817636, 1.264097], [103.818086, 1.264057], [103.818295, 1.264222], [103.818545, 1.264186], [103.818511, 1.263843], [103.818551, 1.263838], [103.818584, 1.264049], [103.819001, 1.263981], [103.818962, 1.263719], [103.819034, 1.263706], [103.819073, 1.263973], [103.819472, 1.263909], [103.819571, 1.263809], [103.819569, 1.263092], [103.819722, 1.26294], [103.81971, 1.262256], [103.819615, 1.262164], [103.817645, 1.262179], [103.817644, 1.262079], [103.817643, 1.262063], [103.817642, 1.26196], [103.819865, 1.261939], [103.819866, 1.26205], [103.819866, 1.262064], [103.819876, 1.263032], [103.819906, 1.263081], [103.820088, 1.26308], [103.820124, 1.26308], [103.820478, 1.263079], [103.820511, 1.263079], [103.820747, 1.263079], [103.820788, 1.263079], [103.823252, 1.263073], [103.823633, 1.263073], [103.823949, 1.263072], [103.82442, 1.263075], [103.824557, 1.263128], [103.824608, 1.263157], [103.832167, 1.267428], [103.835633, 1.267517], [103.839653, 1.267627], [103.845782, 1.261661], [103.846773, 1.262742], [103.844431, 1.265625], [103.845679, 1.266876], [103.851225, 1.260675], [103.852109, 1.261419], [103.850589, 1.263173], [103.851042, 1.263499], [103.851598, 1.263497], [103.851608, 1.27284], [103.853801, 1.271738], [103.855229, 1.271122], [103.858495, 1.26935], [103.857941, 1.268949], [103.857902, 1.26884], [103.857883, 1.268592], [103.857979, 1.268334], [103.858823, 1.267193], [103.859036, 1.267253], [103.859093, 1.267186], [103.86085, 1.264733], [103.861712, 1.26535], [103.85996, 1.267798], [103.862874, 1.269925], [103.862916, 1.269955], [103.8632, 1.270153], [103.863242, 1.270182], [103.863062, 1.270434], [103.863347, 1.270633], [103.863362, 1.270644], [103.863376, 1.270654], [103.86369, 1.270873], [103.86372, 1.270895], [103.864417, 1.27136], [103.864659, 1.271562], [103.865043, 1.271824], [103.865463, 1.272233], [103.866251, 1.272864], [103.87137, 1.276586], [103.871677, 1.276878], [103.871945, 1.277354], [103.872029, 1.27766], [103.872105, 1.27798], [103.872107, 1.278282], [103.872056, 1.278841], [103.871925, 1.279257], [103.871781, 1.279573], [103.871564, 1.280005], [103.871548, 1.280039], [103.871511, 1.280111], [103.871416, 1.280078], [103.871382, 1.280124], [103.871419, 1.280219], [103.871446, 1.280333], [103.87145, 1.28042], [103.871439, 1.28051], [103.87147, 1.280534], [103.871456, 1.280555], [103.872793, 1.281539], [103.873718, 1.28222], [103.873995, 1.281998], [103.874923, 1.281253], [103.875728, 1.280717], [103.876103, 1.280596], [103.876574, 1.280519], [103.876801, 1.280516], [103.877018, 1.280529], [103.877255, 1.28056], [103.877482, 1.280623], [103.877689, 1.280735], [103.877721, 1.280792], [103.877725, 1.280854], [103.877686, 1.280908], [103.87763, 1.280934], [103.877582, 1.280926], [103.877535, 1.280901], [103.87751, 1.280851], [103.877511, 1.280782], [103.877022, 1.280615], [103.876801, 1.280599], [103.876584, 1.280605], [103.876137, 1.280686], [103.875892, 1.280773], [103.87668, 1.281337], [103.876927, 1.281514], [103.878984, 1.282933], [103.879533, 1.283409], [103.87967, 1.283256], [103.87975, 1.283328], [103.879623, 1.283481], [103.880081, 1.283889], [103.879673, 1.284365], [103.879926, 1.284514], [103.880184, 1.284497], [103.880367, 1.284395], [103.88048, 1.284278], [103.880325, 1.284144], [103.880282, 1.284071], [103.880326, 1.284025], [103.88073, 1.284396], [103.881121, 1.284831], [103.881098, 1.284945], [103.882158, 1.285726], [103.882258, 1.285884], [103.882528, 1.286129], [103.883776, 1.286948], [103.884158, 1.287137], [103.884584, 1.287219], [103.884825, 1.287234], [103.884958, 1.287149], [103.884996, 1.287092], [103.885364, 1.287535], [103.885479, 1.287661], [103.885597, 1.287484], [103.885869, 1.287902], [103.886325, 1.28842], [103.886819, 1.288895], [103.887134, 1.289197], [103.8879, 1.289822], [103.888282, 1.290136], [103.888607, 1.290309], [103.888922, 1.290469], [103.889103, 1.290556], [103.88938, 1.290596], [103.889603, 1.290555], [103.88979, 1.290403], [103.889658, 1.290238], [103.88965, 1.290225], [103.889658, 1.290216], [103.889671, 1.290212], [103.88988, 1.29041], [103.890425, 1.290963], [103.890445, 1.291067], [103.890537, 1.291184], [103.892563, 1.292803], [103.893676, 1.293521], [103.893965, 1.293614], [103.894124, 1.29362], [103.894279, 1.293581], [103.894364, 1.293505], [103.894382, 1.29338], [103.894289, 1.293323], [103.894272, 1.293282], [103.894298, 1.293246], [103.894338, 1.293246], [103.894997, 1.293682], [103.895173, 1.293767], [103.895952, 1.293963], [103.896375, 1.293177], [103.896467, 1.293234], [103.896714, 1.293387], [103.896813, 1.293448], [103.896584, 1.293738], [103.897112, 1.294306], [103.897707, 1.294696], [103.898305, 1.295007], [103.900793, 1.296086], [103.903048, 1.296919], [103.90324, 1.296975], [103.903356, 1.296959], [103.903436, 1.296862], [103.903642, 1.296926], [103.903711, 1.296966], [103.904432, 1.297137], [103.904568, 1.297029], [103.905706, 1.297494], [103.906177, 1.297666], [103.907091, 1.297931], [103.907237, 1.297947], [103.90768, 1.298075], [103.909665, 1.298644], [103.911017, 1.299004], [103.911455, 1.299172], [103.912215, 1.299439], [103.91236, 1.299437], [103.912408, 1.29938], [103.912365, 1.299345], [103.912364, 1.299313], [103.912389, 1.299295], [103.912428, 1.299301], [103.912839, 1.299522], [103.912846, 1.299546], [103.912838, 1.299569], [103.912826, 1.299585], [103.912796, 1.299591], [103.912732, 1.299561], [103.912721, 1.299669], [103.912822, 1.299829], [103.913134, 1.300026], [103.913867, 1.300341], [103.914597, 1.300577], [103.914776, 1.30059], [103.914889, 1.300558], [103.914945, 1.300495], [103.91489, 1.300464], [103.914885, 1.300439], [103.914896, 1.300417], [103.914916, 1.300402], [103.914947, 1.3004], [103.91537, 1.300622], [103.915382, 1.300649], [103.915378, 1.300674], [103.91535, 1.300687], [103.915306, 1.300678], [103.915299, 1.300736], [103.91535, 1.300821], [103.915571, 1.300967], [103.915847, 1.301103], [103.916112, 1.301205], [103.916558, 1.301381], [103.917164, 1.301567], [103.91735, 1.301583], [103.917438, 1.301557], [103.917499, 1.301515], [103.917466, 1.301488], [103.917449, 1.301461], [103.917458, 1.30144], [103.917508, 1.301444], [103.917794, 1.301579], [103.917808, 1.301601], [103.917804, 1.301631], [103.917792, 1.301644], [103.917774, 1.301649], [103.917858, 1.301683], [103.918215, 1.301722], [103.919151, 1.301783], [103.919432, 1.301792], [103.919676, 1.30177], [103.919705, 1.301621], [103.919751, 1.301632], [103.919791, 1.301641], [103.919713, 1.302055], [103.920316, 1.302268], [103.92076, 1.302443], [103.921169, 1.302553], [103.921385, 1.302592], [103.921493, 1.302524], [103.921757, 1.302581], [103.921725, 1.30275], [103.92203, 1.302865], [103.922485, 1.303013], [103.922882, 1.30308], [103.923244, 1.303166], [103.923456, 1.3032], [103.923706, 1.303176], [103.923811, 1.303074], [103.923843, 1.302971], [103.923712, 1.302935], [103.923715, 1.30292], [103.923983, 1.302976], [103.923988, 1.302986], [103.923985, 1.302997], [103.923971, 1.303001], [103.923866, 1.302978], [103.923856, 1.303059], [103.923906, 1.303183], [103.924051, 1.303315], [103.924407, 1.303431], [103.924893, 1.303521], [103.925401, 1.303632], [103.925639, 1.303642], [103.925826, 1.3036], [103.925945, 1.303501], [103.925969, 1.303414], [103.925978, 1.303338], [103.925895, 1.30332], [103.925881, 1.303306], [103.925883, 1.303292], [103.925899, 1.303288], [103.926122, 1.30333], [103.926127, 1.303344], [103.926114, 1.303358], [103.926018, 1.303344], [103.926003, 1.303462], [103.926018, 1.303545], [103.926163, 1.303661], [103.926418, 1.30376], [103.92664, 1.303801], [103.926871, 1.303788], [103.927004, 1.303711], [103.927035, 1.303538], [103.926966, 1.303528], [103.926953, 1.303513], [103.926955, 1.303502], [103.926973, 1.303491], [103.927157, 1.30353], [103.927164, 1.303543], [103.927161, 1.30356], [103.927143, 1.303564], [103.927067, 1.303548], [103.927059, 1.303668], [103.927064, 1.30374], [103.927173, 1.303813], [103.927364, 1.303915], [103.927591, 1.303969], [103.927812, 1.30398], [103.927964, 1.303938], [103.928061, 1.30387], [103.928097, 1.30378], [103.927999, 1.303755], [103.927987, 1.30373], [103.927993, 1.303707], [103.92801, 1.303692], [103.92827, 1.30375], [103.928286, 1.303774], [103.928277, 1.303804], [103.928235, 1.30381], [103.928144, 1.303791], [103.928138, 1.303854], [103.928161, 1.303921], [103.928215, 1.303988], [103.928286, 1.304042], [103.928537, 1.304165], [103.928843, 1.304282], [103.929224, 1.304426], [103.929357, 1.304462], [103.929457, 1.304486], [103.929572, 1.304515], [103.929657, 1.30453], [103.929736, 1.304504], [103.92977, 1.304462], [103.929718, 1.304431], [103.929712, 1.304417], [103.92972, 1.304402], [103.929733, 1.304397], [103.929994, 1.304539], [103.930003, 1.304556], [103.929996, 1.304571], [103.92998, 1.304573], [103.929937, 1.304551], [103.92993, 1.304591], [103.929955, 1.304635], [103.930003, 1.304662], [103.930219, 1.304755], [103.930455, 1.304837], [103.930585, 1.30488], [103.931474, 1.305063], [103.931627, 1.305146], [103.931763, 1.305245], [103.931915, 1.305373], [103.932028, 1.305538], [103.932118, 1.305555], [103.93216, 1.305574], [103.932188, 1.305601], [103.932423, 1.305536], [103.932434, 1.3055], [103.932458, 1.305467], [103.932603, 1.305324], [103.932689, 1.305278], [103.93278, 1.30528], [103.933064, 1.305379], [103.933391, 1.305239], [103.933433, 1.305204], [103.933481, 1.30519], [103.933629, 1.305121], [103.933619, 1.305013], [103.933518, 1.304938], [103.933506, 1.304907], [103.933516, 1.304881], [103.933546, 1.304871], [103.933719, 1.304983], [103.933726, 1.305012], [103.933702, 1.305034], [103.933673, 1.305039], [103.93371, 1.30521], [103.933937, 1.305303], [103.934096, 1.305368], [103.934898, 1.305651], [103.934992, 1.305677], [103.934991, 1.305659], [103.935004, 1.305643], [103.935035, 1.305649], [103.935193, 1.30575], [103.93529, 1.305814], [103.93529, 1.30583], [103.935267, 1.305836], [103.935286, 1.305867], [103.935854, 1.306029], [103.936488, 1.306261], [103.936545, 1.306271], [103.936582, 1.306264], [103.936606, 1.306244], [103.936587, 1.306231], [103.936587, 1.306213], [103.936606, 1.306199], [103.936844, 1.306296], [103.936851, 1.306316], [103.936838, 1.306333], [103.936822, 1.306332], [103.93679, 1.306321], [103.936789, 1.306382], [103.93682, 1.306442], [103.936909, 1.306507], [103.937062, 1.306578], [103.937376, 1.306694], [103.937734, 1.306769], [103.938122, 1.306865], [103.938405, 1.306905], [103.938462, 1.306921], [103.938488, 1.30693], [103.938487, 1.306943], [103.938453, 1.306959], [103.938413, 1.306972], [103.938435, 1.307001], [103.938455, 1.307016], [103.938474, 1.307031], [103.938701, 1.307085], [103.939267, 1.307364], [103.939528, 1.307455], [103.939646, 1.307457], [103.939709, 1.307435], [103.939734, 1.307395], [103.9397, 1.307382], [103.939691, 1.307365], [103.939708, 1.30734], [103.93974, 1.30734], [103.939963, 1.307424], [103.939985, 1.307438], [103.939984, 1.307458], [103.93996, 1.307471], [103.939927, 1.307459], [103.939934, 1.307527], [103.940054, 1.307616], [103.941149, 1.308003], [103.941238, 1.308042], [103.941953, 1.308374], [103.942044, 1.308129], [103.942103, 1.308158], [103.942013, 1.308401], [103.942573, 1.308679], [103.942702, 1.308694], [103.942777, 1.308666], [103.94281, 1.308609], [103.942783, 1.308593], [103.942772, 1.30858], [103.942779, 1.308563], [103.942793, 1.308559], [103.943052, 1.308652], [103.943054, 1.308666], [103.943042, 1.308679], [103.943014, 1.308686], [103.94303, 1.308741], [103.943118, 1.308806], [103.944644, 1.309311], [103.94596, 1.309747], [103.946176, 1.30981], [103.947318, 1.310227], [103.948539, 1.310579], [103.948804, 1.310585], [103.949038, 1.310521], [103.949133, 1.310387], [103.948994, 1.310299], [103.948983, 1.310258], [103.949018, 1.310232], [103.949068, 1.310247], [103.949426, 1.310479], [103.949418, 1.310524], [103.94948, 1.310589], [103.949607, 1.310617], [103.950066, 1.310723], [103.950754, 1.310924], [103.951072, 1.310918], [103.951273, 1.310815], [103.951327, 1.310707], [103.951191, 1.310607], [103.951197, 1.310575], [103.95123, 1.310561], [103.951268, 1.310573], [103.951442, 1.310675], [103.951594, 1.310791], [103.951727, 1.310789], [103.95228, 1.310936], [103.952478, 1.311028], [103.952535, 1.311066], [103.952815, 1.311219], [103.953076, 1.311256], [103.95327, 1.311233], [103.953387, 1.311162], [103.953449, 1.311076], [103.953306, 1.310973], [103.9533, 1.310947], [103.953318, 1.310924], [103.953346, 1.310921], [103.953759, 1.311188], [103.953823, 1.311318], [103.95497, 1.311679], [103.955319, 1.31171], [103.9556, 1.31167], [103.955774, 1.311571], [103.95588, 1.311426], [103.955714, 1.311286], [103.955699, 1.311258], [103.955723, 1.311232], [103.955758, 1.31123], [103.956254, 1.311616], [103.956164, 1.311706], [103.956949, 1.311959], [103.957275, 1.312135], [103.957703, 1.312295], [103.957879, 1.312377], [103.95806, 1.312442], [103.95821, 1.312438], [103.958235, 1.312337], [103.958325, 1.312279], [103.958733, 1.312678], [103.958591, 1.312801], [103.959138, 1.313016], [103.959553, 1.313128], [103.960251, 1.313391], [103.960813, 1.313623], [103.960977, 1.313664], [103.961087, 1.31363], [103.961078, 1.313525], [103.961169, 1.313535], [103.96136, 1.313748], [103.961467, 1.313829], [103.961709, 1.313601], [103.961923, 1.314004], [103.962387, 1.314327], [103.963117, 1.314618], [103.963496, 1.313783], [103.963666, 1.313865], [103.963864, 1.313962], [103.963804, 1.314144], [103.964245, 1.314322], [103.964429, 1.314358], [103.964523, 1.314258], [103.964632, 1.314174], [103.965059, 1.314404], [103.965416, 1.314628], [103.965959, 1.31484], [103.966124, 1.314872], [103.96627, 1.314841], [103.966328, 1.314781], [103.966313, 1.314713], [103.966351, 1.314654], [103.966413, 1.31463], [103.966926, 1.314873], [103.966927, 1.314912], [103.967521, 1.315147], [103.968063, 1.315376], [103.968371, 1.315452], [103.96856, 1.315463], [103.968671, 1.315399], [103.968717, 1.31534], [103.96866, 1.315297], [103.968648, 1.315246], [103.968679, 1.315207], [103.968774, 1.315178], [103.969235, 1.31542], [103.969243, 1.315495], [103.969204, 1.315562], [103.969581, 1.315724], [103.970182, 1.315942], [103.970403, 1.315995], [103.970623, 1.31599], [103.970802, 1.315935], [103.970918, 1.315774], [103.97086, 1.31572], [103.970845, 1.315633], [103.970916, 1.315546], [103.971022, 1.315518], [103.971132, 1.315529], [103.97152, 1.315765], [103.971719, 1.315904], [103.971733, 1.316008], [103.971864, 1.316066], [103.972038, 1.316113], [103.972306, 1.316148], [103.972585, 1.316167], [103.972683, 1.31608], [103.972851, 1.316077], [103.97297, 1.316129], [103.973018, 1.316188], [103.973423, 1.316131], [103.973818, 1.316079], [103.973902, 1.316027], [103.974025, 1.316033], [103.974129, 1.316072], [103.974199, 1.316143], [103.974299, 1.316205], [103.974559, 1.316268], [103.974818, 1.316303], [103.974949, 1.316276], [103.975023, 1.316193], [103.975014, 1.31612], [103.975086, 1.316045], [103.97529, 1.316068], [103.975489, 1.316141], [103.975588, 1.316301], [103.975751, 1.31637], [103.976066, 1.31636], [103.976339, 1.316359], [103.976615, 1.316358], [103.976683, 1.316114], [103.976711, 1.31519], [103.976768, 1.315192], [103.97676, 1.315652], [103.976807, 1.315699], [103.976878, 1.315734], [103.97705, 1.315793], [103.977069, 1.315733], [103.977857, 1.316079], [103.978498, 1.316267], [103.978436, 1.316468], [103.978544, 1.316535], [103.978665, 1.316567], [103.978955, 1.31659], [103.979044, 1.316611], [103.979155, 1.316655], [103.979344, 1.316689], [103.979761, 1.316722], [103.98046, 1.316738], [103.981615, 1.316693], [103.98256, 1.316563], [103.982838, 1.316533], [103.982911, 1.316552], [103.983197, 1.316728], [103.983467, 1.316835], [103.9836, 1.316812], [103.984139, 1.316743], [103.984344, 1.316594], [103.984633, 1.31597], [103.985146, 1.313906], [103.985217, 1.313586], [103.985238, 1.313371], [103.985215, 1.313176], [103.985167, 1.312995], [103.985083, 1.312823], [103.984962, 1.312662], [103.984827, 1.312542], [103.984636, 1.312401], [103.983942, 1.312198], [103.983905, 1.312164], [103.983892, 1.312113], [103.983917, 1.312068], [103.983963, 1.312056], [103.987761, 1.313187], [103.988348, 1.313363], [103.988901, 1.313527], [103.990263, 1.31393], [103.990694, 1.314009], [103.99319, 1.313267], [103.994157, 1.313045], [103.995312, 1.312686], [103.995751, 1.312546], [103.995889, 1.312473], [103.99583, 1.312416], [103.995834, 1.312351], [103.995906, 1.312295], [103.996109, 1.312287], [103.996916, 1.312014], [103.997091, 1.311945], [103.997241, 1.311872], [103.997289, 1.311812], [103.997253, 1.311792], [103.997237, 1.311762], [103.997245, 1.311721], [103.997282, 1.311705], [103.997345, 1.311712], [103.997454, 1.311687], [103.997629, 1.311536], [103.997791, 1.311389], [103.997831, 1.311313], [103.99767, 1.310927], [103.99768, 1.310851], [103.997646, 1.310756], [103.997652, 1.310738], [103.997933, 1.310623], [103.997963, 1.310618], [103.99806, 1.310735], [103.998093, 1.31083], [103.998495, 1.31068], [103.998886, 1.310555], [103.999362, 1.310444], [104.000312, 1.310359], [104.000633, 1.310331], [104.000796, 1.31034], [104.001165, 1.310373], [104.001822, 1.310425], [104.002159, 1.310469], [104.002383, 1.310515], [104.003169, 1.310742], [104.003184, 1.310719], [104.003212, 1.310713], [104.003702, 1.310875], [104.003728, 1.310911], [104.00373, 1.310942], [104.00397, 1.311068], [104.004445, 1.311289], [104.00457, 1.311304], [104.00459, 1.311284], [104.00462, 1.311276], [104.00506, 1.311534], [104.005382, 1.311752], [104.00565, 1.311945], [104.006001, 1.31218], [104.006388, 1.312408], [104.006765, 1.31272], [104.007376, 1.313215], [104.007986, 1.313658], [104.008345, 1.313899], [104.008365, 1.313912], [104.008387, 1.313926], [104.008853, 1.314195], [104.008862, 1.314267], [104.008992, 1.314361], [104.009507, 1.314595], [104.009563, 1.31459], [104.009567, 1.314553], [104.009604, 1.31453], [104.009641, 1.314527], [104.009859, 1.31466], [104.010001, 1.314634], [104.010144, 1.31464], [104.0102, 1.31462], [104.0104, 1.314082], [104.010455, 1.313899], [104.010503, 1.31392], [104.010571, 1.313956], [104.01064, 1.313992], [104.010684, 1.314015], [104.010644, 1.314123], [104.010605, 1.314149], [104.010575, 1.314192], [104.010459, 1.314544], [104.01031, 1.314938], [104.010545, 1.315037], [104.010864, 1.314505], [104.010854, 1.314479], [104.010669, 1.314396], [104.010748, 1.314225], [104.010776, 1.314204], [104.010809, 1.314087], [104.011097, 1.314224], [104.011124, 1.314238], [104.011302, 1.314324], [104.011379, 1.314362], [104.011354, 1.314413], [104.012111, 1.314753], [104.012026, 1.314953], [104.011312, 1.314648], [104.011278, 1.31466], [104.011085, 1.314585], [104.011052, 1.314593], [104.010821, 1.315013], [104.010865, 1.315062], [104.010891, 1.315029], [104.010927, 1.315014], [104.010964, 1.315025], [104.011089, 1.315104], [104.011427, 1.315281], [104.012624, 1.315523], [104.013682, 1.315636], [104.013815, 1.315593], [104.01397, 1.315441], [104.014913, 1.315733], [104.021349, 1.315872], [104.021362, 1.315574], [104.021794, 1.315583], [104.021792, 1.315673], [104.022149, 1.315687], [104.022154, 1.315423], [104.022208, 1.315425], [104.022205, 1.315689], [104.022337, 1.315695], [104.022347, 1.315432], [104.022413, 1.315434], [104.022413, 1.315698], [104.022796, 1.315713], [104.023013, 1.315721], [104.022978, 1.317734], [104.022919, 1.319755], [104.022916, 1.319963], [104.023118, 1.319968], [104.023585, 1.319981], [104.023857, 1.319988], [104.024989, 1.320018], [104.025221, 1.320025], [104.026577, 1.320057], [104.026808, 1.320061], [104.02778, 1.320083], [104.027978, 1.320087], [104.02875, 1.320106], [104.028774, 1.318757], [104.028898, 1.315812], [104.03116, 1.315877], [104.032474, 1.315905], [104.032469, 1.316128], [104.032731, 1.316131], [104.033598, 1.317403], [104.033434, 1.317584], [104.032768, 1.317994], [104.032603, 1.324258], [104.032557, 1.324417], [104.032478, 1.324525], [104.032381, 1.32457], [104.032387, 1.324789], [104.03234, 1.324919], [104.029296, 1.324854], [104.027772, 1.324782], [104.024214, 1.324761], [104.023573, 1.324847], [104.023154, 1.324895], [104.023002, 1.324961], [104.022924, 1.325023], [104.02258, 1.325225], [104.022209, 1.325461], [104.021919, 1.325711], [104.021728, 1.325905], [104.021559, 1.326096], [104.021383, 1.326329], [104.021185, 1.326646], [104.020989, 1.326951], [104.020862, 1.327225], [104.020829, 1.327608], [104.020891, 1.328092], [104.020981, 1.328381], [104.021082, 1.328604], [104.021183, 1.329124], [104.021218, 1.329424], [104.021286, 1.329621], [104.021763, 1.330159], [104.021894, 1.330434], [104.021941, 1.330676], [104.022067, 1.331768], [104.022175, 1.332235], [104.022297, 1.333211], [104.022296, 1.333529], [104.02227, 1.333863], [104.022224, 1.333972], [104.022139, 1.334132], [104.022141, 1.33462], [104.022238, 1.334897], [104.023053, 1.335242], [104.023207, 1.335115], [104.023312, 1.335014], [104.023412, 1.334926], [104.023431, 1.334788], [104.023507, 1.334745], [104.023648, 1.334757], [104.023822, 1.334823], [104.023905, 1.334894], [104.024084, 1.33517], [104.024206, 1.335307], [104.024362, 1.335467], [104.024527, 1.335668], [104.024633, 1.335812], [104.024711, 1.335999], [104.024769, 1.336188], [104.024845, 1.3368], [104.025269, 1.338438], [104.025401, 1.338912], [104.02575, 1.340109], [104.027651, 1.344831], [104.028204, 1.346119], [104.028376, 1.346476], [104.028481, 1.346632], [104.028611, 1.346798], [104.028738, 1.347007], [104.028904, 1.347396], [104.029063, 1.347663], [104.029248, 1.347956], [104.029417, 1.348176], [104.029579, 1.34834], [104.029624, 1.348406], [104.029632, 1.348482], [104.029599, 1.348616], [104.029576, 1.348765], [104.029583, 1.348867], [104.029563, 1.348902], [104.029496, 1.348954], [104.029507, 1.349031], [104.029558, 1.349161], [104.029641, 1.349286], [104.029813, 1.349465], [104.029904, 1.34954], [104.029969, 1.349596], [104.029994, 1.349663], [104.029991, 1.349734], [104.029979, 1.349776], [104.029989, 1.349872], [104.030016, 1.349907], [104.030065, 1.34994], [104.030099, 1.349996], [104.03011, 1.350073], [104.030106, 1.350132], [104.030084, 1.350169], [104.030049, 1.350189], [104.030001, 1.350217], [104.029976, 1.350263], [104.029969, 1.350352], [104.029978, 1.350478], [104.029998, 1.350611], [104.030037, 1.350709], [104.030107, 1.350808], [104.030195, 1.350899], [104.030284, 1.350969], [104.030396, 1.351061], [104.030469, 1.35115], [104.030535, 1.351248], [104.030592, 1.351368], [104.030606, 1.351489], [104.03072, 1.351739], [104.030959, 1.352162], [104.031064, 1.352341], [104.031103, 1.352451], [104.031128, 1.352539], [104.031274, 1.352825], [104.031303, 1.352995], [104.031464, 1.353339], [104.031479, 1.35344], [104.031505, 1.353519], [104.031579, 1.353606], [104.031631, 1.353672], [104.031654, 1.353721], [104.03171, 1.35373], [104.031738, 1.3537], [104.031767, 1.353609], [104.031807, 1.353552], [104.031993, 1.353362], [104.03204, 1.353318], [104.032192, 1.353199], [104.032331, 1.353036], [104.032356, 1.352967], [104.032374, 1.35289], [104.03241, 1.352783], [104.032586, 1.352473], [104.032616, 1.352348], [104.032611, 1.351535], [104.032602, 1.351343], [104.032581, 1.35115], [104.032532, 1.350948], [104.032419, 1.350713], [104.032341, 1.35052], [104.032192, 1.35031], [104.031943, 1.350023], [104.031763, 1.349866], [104.031583, 1.349749], [104.03119, 1.349507], [104.031152, 1.349504], [104.030928, 1.349597], [104.030807, 1.349622], [104.030695, 1.349577], [104.030604, 1.349517], [104.030531, 1.349439], [104.030415, 1.349316], [104.030357, 1.349246], [104.030253, 1.349164], [104.030096, 1.349094], [104.030105, 1.349075], [104.030167, 1.349067], [104.030513, 1.349194], [104.031042, 1.349339], [104.031283, 1.349417], [104.031482, 1.349546], [104.031701, 1.349707], [104.03201, 1.349942], [104.032251, 1.35018], [104.03248, 1.350472], [104.032669, 1.350793], [104.032751, 1.351047], [104.032759, 1.351303], [104.032716, 1.351666], [104.032724, 1.352194], [104.032718, 1.352535], [104.032689, 1.352878], [104.032634, 1.353145], [104.03254, 1.353405], [104.032335, 1.353734], [104.032191, 1.353932], [104.032015, 1.354178], [104.031894, 1.354342], [104.031851, 1.354426], [104.031841, 1.354528], [104.032087, 1.35545], [104.032243, 1.356119], [104.032281, 1.356418], [104.032279, 1.356636], [104.032409, 1.357654], [104.032445, 1.357934], [104.032506, 1.358112], [104.032619, 1.358284], [104.032731, 1.358404], [104.032862, 1.358514], [104.033049, 1.358617], [104.033228, 1.358679], [104.03346, 1.35874], [104.034447, 1.358096], [104.03479, 1.358311], [104.036761, 1.35702], [104.037133, 1.356932], [104.037398, 1.356968], [104.037826, 1.356956], [104.040917, 1.354514], [104.040632, 1.354165], [104.04069, 1.35399], [104.042021, 1.35196], [104.042837, 1.35231], [104.043666, 1.353033], [104.043304, 1.354141], [104.041706, 1.355436], [104.041308, 1.354921], [104.036587, 1.358428], [104.032797, 1.360977], [104.032078, 1.360978], [104.027833, 1.363748], [104.021585, 1.366476], [104.021234, 1.366611], [104.020927, 1.367059], [104.019926, 1.367487], [104.019838, 1.367479], [104.019797, 1.367419], [104.019804, 1.367343], [104.019856, 1.367299], [104.019901, 1.367297], [104.019934, 1.367275], [104.019717, 1.366878], [104.019465, 1.366829], [104.019175, 1.366833], [104.018672, 1.366964], [104.017301, 1.367595], [104.015507, 1.368328], [104.014531, 1.368897], [104.014308, 1.369212], [104.014304, 1.369466], [104.014359, 1.369644], [104.014534, 1.36955], [104.014617, 1.369572], [104.014685, 1.369688], [104.014614, 1.369766], [104.013715, 1.370169], [104.013153, 1.370198], [104.01264, 1.370039], [104.012279, 1.369833], [104.01191, 1.36935], [104.011271, 1.368973], [104.010178, 1.368715], [104.008986, 1.36887], [104.006582, 1.369821], [104.006265, 1.369957], [104.006316, 1.370089], [104.006148, 1.370168], [104.006079, 1.370233], [104.00605, 1.370322], [104.006046, 1.370404], [104.006066, 1.370538], [104.006022, 1.370704], [104.005972, 1.370751], [104.006023, 1.370903], [104.006342, 1.371856], [104.006548, 1.372471], [104.007341, 1.372452], [104.007394, 1.372538], [104.007483, 1.372569], [104.007589, 1.37258], [104.008704, 1.372611], [104.008793, 1.372655], [104.008827, 1.372735], [104.008824, 1.373576], [104.008552, 1.373577], [104.008453, 1.373575], [104.007899, 1.373576], [104.007565, 1.373609], [104.007474, 1.373626], [104.007383, 1.373664], [104.007052, 1.373854], [104.006619, 1.374138], [104.006398, 1.374324], [104.006222, 1.374517], [104.005966, 1.374831], [104.005743, 1.375174], [104.005518, 1.375571], [104.00529, 1.376007], [104.004689, 1.37718], [104.004119, 1.37842], [104.003403, 1.380118], [104.002778, 1.381788], [104.002515, 1.382453], [104.002479, 1.3826], [104.002334, 1.38362], [104.002333, 1.383714], [104.002356, 1.383776], [104.002343, 1.383812], [104.002227, 1.383778], [104.002173, 1.383776], [104.002129, 1.383795], [104.002096, 1.383797], [104.002059, 1.383774], [104.002035, 1.383784], [104.002094, 1.383844], [104.002101, 1.383905], [104.00208, 1.383964], [104.00199, 1.384162], [104.000985, 1.385158], [104.000881, 1.385335], [104.000646, 1.386159], [104.000345, 1.387054], [104.000286, 1.387223], [103.999955, 1.387706], [103.999919, 1.387758], [103.999888, 1.387804], [103.999039, 1.389038], [103.998865, 1.389037], [103.998773, 1.389085], [103.998611, 1.389107], [103.998087, 1.389433], [103.997998, 1.389476], [103.997735, 1.389585], [103.997576, 1.389642], [103.997446, 1.389681], [103.997326, 1.38971], [103.997109, 1.389746], [103.996642, 1.389806], [103.995645, 1.390165], [103.995495, 1.390056], [103.995235, 1.390173], [103.995218, 1.390136], [103.994022, 1.390755], [103.993977, 1.390678], [103.993907, 1.390656], [103.993824, 1.390647], [103.993643, 1.390701], [103.993414, 1.390822], [103.993009, 1.391069], [103.992095, 1.391362], [103.991445, 1.391678], [103.988894, 1.392631], [103.988165, 1.39299], [103.987089, 1.393433], [103.986901, 1.393437], [103.986716, 1.393378], [103.986588, 1.393197], [103.986495, 1.393016], [103.986444, 1.392795], [103.986478, 1.392718], [103.98655, 1.392673], [103.98706, 1.392587], [103.987548, 1.392388], [103.987739, 1.392194], [103.987873, 1.391941], [103.988254, 1.391317], [103.988457, 1.391114], [103.988866, 1.390994], [103.989237, 1.391015], [103.989449, 1.391015], [103.989507, 1.39103], [103.989989, 1.390946], [103.990135, 1.390881], [103.990212, 1.390777], [103.990177, 1.390297], [103.990163, 1.390221], [103.990101, 1.390055], [103.989647, 1.390098], [103.988901, 1.390411], [103.988886, 1.390417], [103.988701, 1.390495], [103.98836, 1.390638], [103.988396, 1.390788], [103.988337, 1.39081], [103.988061, 1.390821], [103.987885, 1.390934], [103.987855, 1.390962], [103.98766, 1.391144], [103.987632, 1.391169], [103.987378, 1.391405], [103.98735, 1.391432], [103.987231, 1.391543], [103.986961, 1.391769], [103.98672, 1.391812], [103.98652, 1.391826], [103.985866, 1.392024], [103.985415, 1.392181], [103.985394, 1.392285], [103.985359, 1.392388], [103.98524, 1.392625], [103.985258, 1.392675], [103.985217, 1.392684], [103.9852, 1.39263], [103.98514, 1.392631], [103.985083, 1.392602], [103.985021, 1.39255], [103.984979, 1.392497], [103.984741, 1.392489], [103.984728, 1.392489], [103.984404, 1.392438], [103.984094, 1.392467], [103.983755, 1.392551], [103.983033, 1.392603], [103.982861, 1.392615], [103.982348, 1.392966], [103.981662, 1.39299], [103.981404, 1.392578], [103.981158, 1.392576], [103.980087, 1.392567], [103.979317, 1.392643], [103.979002, 1.392541], [103.978186, 1.392399], [103.978041, 1.392381], [103.977927, 1.392353], [103.977799, 1.392345], [103.977658, 1.392351], [103.977465, 1.392374], [103.977247, 1.392331], [103.976853, 1.392293], [103.976289, 1.392127], [103.975416, 1.391579], [103.975397, 1.391555], [103.97538, 1.391364], [103.975347, 1.391276], [103.975159, 1.391137], [103.975066, 1.390947], [103.974738, 1.390727], [103.974688, 1.390695], [103.974635, 1.390708], [103.974293, 1.390675], [103.973782, 1.39038], [103.97362, 1.389214], [103.973796, 1.388703], [103.974161, 1.388572], [103.974429, 1.387327], [103.975064, 1.387258], [103.975599, 1.387235], [103.975991, 1.387241], [103.976266, 1.387087], [103.976506, 1.386984], [103.976702, 1.386833], [103.976769, 1.386564], [103.9766, 1.386274], [103.976343, 1.385961], [103.976082, 1.385706], [103.975914, 1.385849], [103.976058, 1.386055], [103.976298, 1.38642], [103.976373, 1.386612], [103.976261, 1.386881], [103.976025, 1.386941], [103.975857, 1.386832], [103.974806, 1.386689], [103.974515, 1.386692], [103.974326, 1.386653], [103.974691, 1.385957], [103.974732, 1.385911], [103.974719, 1.385904], [103.974657, 1.38587], [103.974609, 1.385841], [103.974463, 1.386097], [103.974236, 1.386312], [103.973959, 1.386564], [103.973829, 1.38669], [103.973897, 1.386898], [103.973895, 1.387128], [103.973502, 1.387267], [103.97321, 1.387284], [103.973125, 1.387394], [103.972925, 1.387444], [103.972403, 1.38725], [103.97164, 1.386818], [103.970687, 1.38616], [103.969399, 1.384753], [103.968823, 1.384296], [103.968682, 1.384215], [103.967811, 1.383614], [103.967222, 1.383289], [103.967712, 1.382004], [103.967566, 1.381881], [103.967523, 1.381115], [103.966859, 1.380803], [103.966834, 1.381414], [103.966952, 1.381605], [103.966612, 1.381741], [103.966595, 1.381804], [103.966553, 1.381838], [103.966512, 1.381797], [103.966481, 1.381693], [103.966845, 1.380232], [103.966817, 1.380216], [103.966788, 1.3802], [103.966349, 1.381675], [103.966263, 1.381718], [103.965978, 1.381537], [103.966024, 1.38141], [103.965661, 1.381506], [103.965448, 1.381687], [103.965199, 1.381861], [103.965032, 1.381887], [103.964475, 1.382129], [103.964103, 1.381973], [103.963428, 1.381835], [103.962851, 1.381782], [103.962559, 1.381755], [103.96235, 1.381563], [103.961866, 1.381475], [103.961566, 1.381435], [103.961267, 1.381412], [103.960942, 1.38141], [103.960898, 1.381437], [103.960832, 1.38144], [103.960734, 1.381428], [103.96068, 1.381428], [103.960656, 1.381418], [103.960639, 1.381393], [103.960642, 1.381372], [103.960658, 1.381355], [103.96068, 1.381355], [103.960674, 1.381305], [103.960635, 1.381256], [103.960583, 1.381227], [103.960548, 1.381193], [103.960463, 1.381176], [103.960374, 1.381157], [103.959952, 1.381135], [103.959821, 1.381139], [103.959607, 1.381186], [103.958943, 1.381218], [103.958858, 1.381238], [103.958618, 1.381252], [103.958505, 1.381224], [103.958039, 1.381288], [103.957512, 1.381379], [103.957393, 1.381436], [103.957199, 1.38151], [103.956458, 1.38145], [103.956032, 1.381437], [103.95586, 1.381441], [103.95559, 1.381466], [103.955326, 1.381509], [103.955212, 1.381528], [103.95495, 1.381627], [103.954785, 1.381715], [103.954782, 1.381849], [103.954746, 1.381921], [103.954702, 1.381979], [103.954643, 1.381992], [103.954543, 1.381918], [103.954455, 1.381843], [103.954451, 1.381756], [103.954145, 1.381784], [103.953884, 1.381809], [103.953719, 1.381853], [103.953488, 1.381953], [103.953239, 1.382031], [103.953114, 1.381989], [103.953084, 1.381893], [103.952757, 1.382008], [103.951912, 1.382326], [103.951697, 1.382407], [103.951525, 1.382376], [103.951277, 1.382378], [103.950968, 1.382443], [103.950678, 1.382536], [103.950327, 1.382669], [103.950192, 1.382757], [103.950141, 1.382806], [103.95012, 1.382864], [103.950154, 1.382875], [103.950168, 1.382894], [103.950143, 1.382932], [103.950118, 1.382936], [103.949701, 1.383045], [103.949127, 1.383145], [103.949089, 1.383133], [103.949072, 1.383102], [103.949038, 1.383088], [103.948538, 1.383326], [103.948443, 1.38337], [103.948237, 1.383494], [103.948116, 1.383572], [103.947932, 1.383694], [103.947829, 1.383721], [103.947685, 1.383781], [103.947419, 1.383915], [103.947242, 1.383991], [103.947122, 1.384065], [103.947152, 1.384095], [103.947152, 1.384123], [103.946962, 1.38431], [103.946935, 1.384306], [103.946905, 1.384288], [103.946898, 1.384249], [103.946836, 1.384242], [103.946751, 1.384266], [103.946043, 1.384663], [103.945492, 1.384993], [103.945249, 1.385152], [103.945009, 1.385338], [103.9444, 1.385888], [103.94434, 1.385952], [103.944301, 1.386001], [103.944295, 1.386067], [103.944307, 1.386118], [103.944356, 1.386097], [103.944397, 1.386094], [103.94442, 1.386142], [103.944414, 1.386165], [103.944229, 1.386245], [103.944155, 1.386243], [103.944054, 1.386204], [103.943702, 1.386462], [103.943637, 1.38651], [103.943293, 1.38668], [103.942526, 1.387204], [103.942463, 1.387243], [103.942431, 1.387298], [103.94245, 1.387313], [103.942456, 1.387331], [103.942448, 1.387346], [103.942434, 1.387364], [103.942227, 1.387451], [103.94221, 1.387451], [103.942191, 1.387442], [103.942182, 1.387419], [103.942127, 1.387436], [103.942088, 1.38747], [103.941784, 1.387672], [103.941718, 1.387726], [103.941663, 1.387776], [103.941587, 1.387818], [103.941275, 1.387965], [103.94088, 1.388274], [103.940707, 1.38842], [103.940557, 1.388532], [103.940582, 1.38854], [103.940596, 1.388561], [103.940593, 1.388584], [103.940577, 1.388605], [103.94023, 1.388722], [103.940216, 1.388722], [103.940199, 1.388706], [103.940085, 1.388787], [103.939908, 1.388886], [103.939764, 1.388947], [103.939596, 1.388991], [103.939504, 1.389018], [103.93944, 1.389062], [103.939399, 1.389106], [103.939268, 1.389218], [103.939094, 1.389343], [103.938924, 1.38943], [103.938699, 1.389515], [103.938618, 1.389575], [103.938552, 1.389631], [103.938447, 1.389666], [103.938307, 1.389701], [103.93821, 1.389737], [103.93805, 1.389826], [103.937973, 1.389881], [103.937832, 1.38993], [103.937794, 1.389951], [103.937738, 1.390044], [103.937661, 1.390199], [103.937693, 1.390272], [103.937443, 1.390586], [103.937312, 1.39077], [103.937221, 1.390929], [103.937129, 1.391133], [103.937035, 1.391441], [103.936892, 1.391693], [103.936805, 1.391811], [103.936775, 1.391876], [103.936769, 1.391924], [103.936808, 1.391944], [103.936832, 1.391981], [103.936853, 1.392024], [103.936867, 1.392063], [103.936872, 1.392097], [103.936857, 1.392124], [103.936831, 1.392152], [103.936806, 1.39217], [103.936765, 1.392176], [103.936719, 1.392165], [103.936629, 1.39223], [103.936563, 1.392305], [103.936334, 1.392742], [103.936219, 1.392912], [103.934994, 1.395391], [103.934809, 1.395735], [103.934197, 1.396683], [103.933937, 1.396978], [103.933519, 1.397451], [103.933028, 1.39792], [103.932468, 1.398383], [103.931781, 1.398778], [103.931652, 1.398868], [103.93157, 1.398982], [103.931458, 1.399094], [103.931184, 1.399242], [103.93092, 1.399292], [103.930549, 1.399412], [103.930174, 1.39946], [103.930003, 1.40032], [103.929846, 1.40128], [103.929968, 1.401301], [103.929921, 1.401609], [103.930221, 1.401691], [103.930471, 1.401802], [103.930495, 1.401818], [103.930726, 1.401972], [103.930828, 1.402076], [103.930895, 1.402154], [103.930992, 1.402279], [103.931083, 1.402455], [103.931147, 1.402624], [103.931189, 1.402781], [103.931206, 1.402973], [103.931196, 1.403135], [103.931184, 1.403278], [103.931146, 1.403443], [103.931078, 1.403649], [103.930949, 1.403884], [103.930846, 1.40402], [103.930755, 1.404105], [103.93071, 1.404091], [103.930247, 1.4045], [103.92985, 1.404819], [103.928213, 1.40635], [103.926588, 1.40787], [103.926196, 1.408232], [103.925827, 1.408592], [103.92555, 1.408943], [103.925337, 1.40918], [103.925191, 1.409312], [103.924917, 1.409525], [103.924301, 1.41008], [103.924292, 1.410125], [103.92427, 1.410207], [103.924187, 1.410334], [103.923979, 1.410565], [103.923765, 1.410694], [103.92371, 1.410755], [103.923677, 1.410843], [103.923337, 1.411184], [103.922989, 1.411478], [103.922522, 1.411828], [103.921822, 1.412308], [103.921581, 1.412437], [103.921134, 1.412584], [103.920916, 1.412699], [103.920659, 1.41288], [103.920563, 1.412968], [103.919684, 1.413572], [103.919382, 1.413818], [103.919279, 1.413919], [103.919028, 1.414201], [103.918358, 1.414918], [103.918262, 1.415036], [103.918157, 1.415126], [103.918037, 1.415272], [103.917721, 1.415515], [103.917561, 1.415619], [103.917511, 1.415651], [103.917498, 1.4157], [103.9175, 1.415736], [103.917552, 1.415764], [103.917613, 1.415868], [103.917617, 1.415889], [103.917486, 1.415994], [103.91734, 1.416084], [103.917347, 1.416107], [103.917341, 1.416132], [103.916976, 1.416576], [103.91666, 1.416955], [103.916476, 1.41715], [103.91637, 1.417248], [103.916269, 1.417317], [103.916159, 1.417369], [103.916048, 1.417403], [103.915924, 1.417417], [103.915816, 1.417413], [103.915695, 1.417393], [103.915555, 1.417346], [103.915431, 1.417279], [103.915308, 1.417178], [103.915223, 1.417082], [103.915152, 1.416999], [103.915153, 1.416976], [103.91516, 1.416958], [103.915159, 1.416933], [103.91512, 1.416839], [103.915074, 1.416692], [103.915047, 1.416547], [103.915036, 1.416424], [103.914097, 1.416337], [103.913966, 1.416991], [103.913951, 1.417137], [103.913943, 1.417247], [103.913942, 1.417307], [103.913948, 1.417626], [103.913965, 1.417855], [103.913992, 1.418132], [103.913985, 1.418331], [103.913944, 1.418501], [103.913876, 1.418676], [103.913803, 1.41883], [103.91371, 1.418927], [103.913648, 1.419015], [103.91367, 1.419178], [103.913609, 1.419457], [103.913497, 1.419716], [103.913273, 1.420105], [103.91323, 1.42018], [103.913143, 1.420557], [103.912752, 1.421056], [103.91268, 1.421149], [103.912527, 1.421225], [103.911422, 1.421581], [103.911047, 1.421663], [103.910655, 1.421658], [103.908201, 1.421324], [103.907661, 1.421136], [103.907429, 1.420862], [103.906764, 1.420186], [103.90576, 1.42041], [103.904509, 1.420364], [103.903249, 1.419931], [103.902635, 1.419586], [103.901928, 1.41916], [103.900138, 1.417822], [103.900115, 1.417824], [103.90009, 1.417817], [103.900058, 1.41779], [103.899836, 1.417597], [103.899617, 1.417375], [103.899343, 1.417067], [103.899256, 1.416951], [103.899012, 1.416808], [103.898025, 1.414727], [103.897267, 1.415074], [103.89668, 1.415342], [103.89766, 1.417234], [103.897929, 1.41831], [103.897747, 1.419319], [103.897372, 1.419982], [103.896949, 1.420606], [103.896267, 1.421048], [103.895027, 1.421749], [103.895037, 1.421893], [103.891116, 1.424218], [103.888877, 1.425575], [103.887299, 1.423182], [103.886573, 1.423597], [103.888198, 1.42575], [103.886483, 1.426748], [103.884114, 1.428303], [103.881227, 1.430343], [103.88022, 1.431071], [103.879521, 1.431433], [103.87804, 1.431875], [103.877092, 1.432001], [103.875793, 1.431929], [103.874436, 1.431561], [103.873672, 1.431191], [103.870597, 1.429341], [103.869721, 1.428568], [103.869316, 1.428038], [103.86911, 1.427593], [103.869066, 1.427134], [103.869182, 1.426636], [103.869663, 1.426097], [103.870253, 1.425598], [103.869578, 1.424575], [103.86931, 1.42451], [103.86926, 1.424564], [103.869297, 1.424645], [103.869202, 1.42467], [103.869173, 1.424617], [103.869107, 1.424607], [103.868848, 1.424837], [103.868818, 1.424835], [103.868664, 1.424699], [103.868571, 1.424627], [103.868456, 1.42461], [103.868059, 1.424607], [103.867791, 1.424646], [103.867491, 1.424606], [103.867434, 1.424657], [103.867394, 1.424681], [103.867369, 1.424696], [103.86732, 1.424725], [103.867222, 1.424811], [103.867157, 1.424799], [103.867032, 1.424743], [103.866898, 1.424638], [103.866672, 1.424534], [103.866554, 1.424487], [103.866464, 1.424389], [103.866218, 1.4241], [103.865973, 1.423811], [103.865743, 1.423633], [103.865583, 1.423616], [103.865469, 1.423736], [103.865401, 1.423771], [103.865311, 1.423765], [103.865207, 1.423787], [103.865037, 1.424063], [103.865007, 1.424087], [103.864818, 1.423967], [103.864223, 1.423867], [103.863974, 1.423859], [103.863886, 1.423648], [103.863802, 1.423603], [103.863649, 1.423569], [103.863671, 1.423469], [103.86371, 1.42343], [103.863791, 1.423468], [103.863928, 1.423601], [103.864088, 1.423577], [103.864144, 1.423422], [103.863807, 1.422805], [103.863621, 1.422737], [103.863429, 1.422691], [103.863166, 1.422714], [103.862385, 1.423082], [103.862259, 1.423204], [103.862122, 1.423281], [103.861838, 1.423386], [103.861621, 1.423437], [103.860786, 1.423829], [103.858509, 1.424897], [103.858284, 1.425024], [103.858242, 1.42508], [103.85822, 1.425133], [103.858166, 1.425278], [103.858127, 1.425315], [103.857864, 1.425413], [103.857764, 1.425181], [103.857373, 1.425353], [103.857452, 1.425527], [103.857366, 1.425573], [103.857604, 1.426043], [103.857649, 1.426162], [103.857655, 1.426268], [103.857715, 1.426411], [103.857769, 1.426409], [103.857828, 1.426443], [103.857878, 1.42655], [103.857824, 1.426871], [103.85796, 1.427421], [103.858177, 1.427714], [103.858131, 1.427845], [103.858224, 1.428055], [103.858497, 1.428074], [103.858676, 1.42795], [103.859889, 1.42882], [103.859994, 1.4299], [103.859782, 1.430139], [103.859921, 1.430545], [103.860107, 1.430695], [103.860706, 1.43074], [103.861064, 1.431282], [103.861257, 1.43171], [103.86129, 1.431719], [103.861565, 1.431811], [103.861913, 1.432054], [103.862257, 1.433331], [103.862324, 1.43337], [103.862535, 1.433394], [103.862584, 1.434209], [103.862503, 1.434618], [103.862599, 1.434821], [103.86256, 1.435046], [103.862289, 1.435753], [103.861909, 1.436051], [103.861693, 1.436454], [103.861509, 1.436829], [103.861244, 1.437255], [103.861053, 1.437507], [103.860811, 1.437652], [103.860444, 1.437983], [103.860301, 1.438089], [103.860163, 1.438134], [103.859993, 1.438098], [103.859862, 1.438321], [103.859488, 1.438596], [103.859, 1.439222], [103.858791, 1.439989], [103.858308, 1.440702], [103.857342, 1.441651], [103.856386, 1.443644], [103.856387, 1.443893], [103.856362, 1.444179], [103.856167, 1.444596], [103.856055, 1.445008], [103.855795, 1.446135], [103.855388, 1.447455], [103.855189, 1.447766], [103.854838, 1.44832], [103.854563, 1.448512], [103.854291, 1.448649], [103.854056, 1.448686], [103.853697, 1.448809], [103.853281, 1.448991], [103.853133, 1.449032], [103.852782, 1.449036], [103.852289, 1.44905], [103.851225, 1.448354], [103.848667, 1.447693], [103.84784, 1.447728], [103.84762, 1.44797], [103.846939, 1.448161], [103.84665, 1.448082], [103.846443, 1.448161], [103.846387, 1.448075], [103.846711, 1.447861], [103.846824, 1.447579], [103.847308, 1.447044], [103.847459, 1.446647], [103.847693, 1.446364], [103.847714, 1.446106], [103.847603, 1.445964], [103.847387, 1.445986], [103.847199, 1.446106], [103.847143, 1.446332], [103.846998, 1.446635], [103.846588, 1.446994], [103.846471, 1.44738], [103.846258, 1.447363], [103.845955, 1.447599], [103.845657, 1.447862], [103.845523, 1.448175], [103.845539, 1.44826], [103.845479, 1.448517], [103.845706, 1.449347], [103.845672, 1.449501], [103.845686, 1.449739], [103.845939, 1.450117], [103.846035, 1.450415], [103.845757, 1.453193], [103.845591, 1.453484], [103.845591, 1.453553], [103.845894, 1.454079], [103.846269, 1.454145], [103.846575, 1.453837], [103.847036, 1.453319], [103.846853, 1.45276], [103.846708, 1.45231], [103.846375, 1.452318], [103.846506, 1.452047], [103.846641, 1.451855], [103.846795, 1.45134], [103.846867, 1.450523], [103.846924, 1.45014], [103.847277, 1.449589], [103.848049, 1.449126], [103.849062, 1.449632], [103.849491, 1.450267], [103.850083, 1.45055], [103.850349, 1.450447], [103.850864, 1.450782], [103.850821, 1.451185], [103.851911, 1.451469], [103.85198, 1.451288], [103.852092, 1.451297], [103.852135, 1.451734], [103.851913, 1.452974], [103.851403, 1.454295], [103.851193, 1.454664], [103.850492, 1.45549], [103.850092, 1.455823], [103.849507, 1.456203], [103.84891, 1.456479], [103.848188, 1.456752], [103.847938, 1.456805], [103.847784, 1.456841], [103.847137, 1.45717], [103.846405, 1.457554], [103.84618, 1.457717], [103.845771, 1.457947], [103.845472, 1.458194], [103.845145, 1.458441], [103.845098, 1.458525], [103.844937, 1.458489], [103.844765, 1.45881], [103.844835, 1.458939], [103.844712, 1.459053], [103.844573, 1.459179], [103.844504, 1.459216], [103.844635, 1.459413], [103.844559, 1.459467], [103.844421, 1.45927], [103.844221, 1.459405], [103.843974, 1.459602], [103.84393, 1.459594], [103.842865, 1.460343], [103.842374, 1.460626], [103.842328, 1.460514], [103.842014, 1.460605], [103.841908, 1.460466], [103.841667, 1.460426], [103.841598, 1.460446], [103.841596, 1.460502], [103.84144, 1.460692], [103.84077, 1.461482], [103.840497, 1.461775], [103.839667, 1.462351], [103.839689, 1.46241], [103.839603, 1.462501], [103.839209, 1.4627], [103.83887, 1.462902], [103.838562, 1.463126], [103.838407, 1.463171], [103.83737, 1.463783], [103.837089, 1.463913], [103.836919, 1.463962], [103.836654, 1.464022], [103.836437, 1.464132], [103.835986, 1.464244], [103.835847, 1.46427], [103.835261, 1.464157], [103.832906, 1.459948], [103.831988, 1.460488], [103.834331, 1.464735], [103.827571, 1.468589], [103.824558, 1.463325], [103.824063, 1.463609], [103.823771, 1.463772], [103.823366, 1.464005], [103.824155, 1.465439], [103.823132, 1.466029], [103.822575, 1.465909], [103.822057, 1.466618], [103.821895, 1.466574], [103.82148, 1.466204], [103.821382, 1.466185], [103.821214, 1.466196], [103.821089, 1.46613], [103.820714, 1.465878], [103.82049, 1.465769], [103.820472, 1.465801], [103.820336, 1.46574], [103.820238, 1.465642], [103.819953, 1.465177], [103.819635, 1.464747], [103.819211, 1.464191], [103.818866, 1.46386], [103.818616, 1.463961], [103.81853, 1.463897], [103.818454, 1.46392], [103.818453, 1.464029], [103.818026, 1.464476], [103.819227, 1.466244], [103.820062, 1.466956], [103.820244, 1.467048], [103.82057, 1.467319], [103.82081, 1.467432], [103.82089, 1.467568], [103.820853, 1.467672], [103.822008, 1.468191], [103.822351, 1.4685], [103.822351, 1.468972], [103.820813, 1.469588], [103.820319, 1.469811], [103.820197, 1.469883], [103.820152, 1.469924], [103.819995, 1.470061], [103.81994, 1.470099], [103.819855, 1.47013], [103.819949, 1.470507], [103.819958, 1.470543], [103.820005, 1.470733], [103.819875, 1.470769], [103.81971, 1.470146], [103.819473, 1.47016], [103.819418, 1.470147], [103.81935, 1.470109], [103.819324, 1.470118], [103.819264, 1.470166], [103.819216, 1.470205], [103.819139, 1.470201], [103.818758, 1.470371], [103.818544, 1.470447], [103.818265, 1.470525], [103.818259, 1.470852]]]}}]}